Fecha,Provincia,Consumo energético (kWh/m²),Media de residentes,Potencia contratada (kW),Tipo de vivienda,TMEDIA,TMIN,TMAX,VELMEDIA,SOL,PRESMAX,PRESMIN
2014-04,LEON,277.6,5.0,5.8,Piso,10.916335775335774,4.835937728937728,16.994863247863247,2.9962121212121215,7.308888888888889,904.957,900.4983333333333
2014-04,LEON,291.17,4.4,4.9,Adosado,10.916335775335774,4.835937728937728,16.994863247863247,2.9962121212121215,7.308888888888889,904.957,900.4983333333333
2014-04,LEON,385.08,3.1,3.4,Duplex,10.916335775335774,4.835937728937728,16.994863247863247,2.9962121212121215,7.308888888888889,904.957,900.4983333333333
2014-04,LEON,537.19,4.5,3.7,Casa Unifamiliar,10.916335775335774,4.835937728937728,16.994863247863247,2.9962121212121215,7.308888888888889,904.957,900.4983333333333
2014-05,LEON,261.17,4.1,4.5,Piso,11.53413328606877,4.342386860451376,18.724078931820866,3.434232649071359,9.200537634408601,907.1209677419355,902.8443548387097
2014-05,LEON,295.63,3.4,5.8,Adosado,11.53413328606877,4.342386860451376,18.724078931820866,3.434232649071359,9.200537634408601,907.1209677419355,902.8443548387097
2014-05,LEON,376.37,4.8,5.6,Duplex,11.53413328606877,4.342386860451376,18.724078931820866,3.434232649071359,9.200537634408601,907.1209677419355,902.8443548387097
2014-05,LEON,548.14,3.3,5.7,Casa Unifamiliar,11.53413328606877,4.342386860451376,18.724078931820866,3.434232649071359,9.200537634408601,907.1209677419355,902.8443548387097
2014-06,LEON,300.0,2.0,4.6,Piso,15.580568376068376,8.031059218559218,23.132729548229545,3.069141414141414,10.275,907.3166666666667,903.7433333333333
2014-06,LEON,301.56,2.7,5.5,Adosado,15.580568376068376,8.031059218559218,23.132729548229545,3.069141414141414,10.275,907.3166666666667,903.7433333333333
2014-06,LEON,450.0,4.6,4.3,Duplex,15.580568376068376,8.031059218559218,23.132729548229545,3.069141414141414,10.275,907.3166666666667,903.7433333333333
2014-06,LEON,480.52,3.1,5.5,Casa Unifamiliar,15.580568376068376,8.031059218559218,23.132729548229545,3.069141414141414,10.275,907.3166666666667,903.7433333333333
2014-07,LEON,244.22,3.7,3.4,Piso,17.770083894600024,10.260694789081885,25.275598487533973,3.0772434017595307,10.770967741935483,908.7158602150537,905.1932795698924
2014-07,LEON,350.7,4.1,6.6,Adosado,17.770083894600024,10.260694789081885,25.275598487533973,3.0772434017595307,10.770967741935483,908.7158602150537,905.1932795698924
2014-07,LEON,378.99,3.3,5.3,Duplex,17.770083894600024,10.260694789081885,25.275598487533973,3.0772434017595307,10.770967741935483,908.7158602150537,905.1932795698924
2014-07,LEON,447.0,2.7,4.2,Casa Unifamiliar,17.770083894600024,10.260694789081885,25.275598487533973,3.0772434017595307,10.770967741935483,908.7158602150537,905.1932795698924
2014-08,LEON,263.93,5.0,6.4,Piso,17.5458064516129,9.844301075268818,25.249032258064517,2.9271505376344087,9.94731182795699,907.2040322580646,903.8935483870968
2014-08,LEON,330.99,3.9,6.5,Adosado,17.5458064516129,9.844301075268818,25.249032258064517,2.9271505376344087,9.94731182795699,907.2040322580646,903.8935483870968
2014-08,LEON,450.0,4.4,4.9,Duplex,17.5458064516129,9.844301075268818,25.249032258064517,2.9271505376344087,9.94731182795699,907.2040322580646,903.8935483870968
2014-08,LEON,600.0,4.8,6.3,Casa Unifamiliar,17.5458064516129,9.844301075268818,25.249032258064517,2.9271505376344087,9.94731182795699,907.2040322580646,903.8935483870968
2014-09,LEON,177.59,2.5,4.5,Piso,16.67300976800977,10.107371184371184,23.24340170940171,2.2903282828282827,7.368333333333334,906.2241666666666,902.7416666666667
2014-09,LEON,400.0,3.9,5.2,Adosado,16.67300976800977,10.107371184371184,23.24340170940171,2.2903282828282827,7.368333333333334,906.2241666666666,902.7416666666667
2014-09,LEON,450.0,4.0,5.2,Duplex,16.67300976800977,10.107371184371184,23.24340170940171,2.2903282828282827,7.368333333333334,906.2241666666666,902.7416666666667
2014-09,LEON,528.08,4.7,6.5,Casa Unifamiliar,16.67300976800977,10.107371184371184,23.24340170940171,2.2903282828282827,7.368333333333334,906.2241666666666,902.7416666666667
2014-10,LEON,256.22,2.8,5.3,Piso,14.073502304147464,8.086497695852534,20.067081413210445,2.0112609970674487,6.244623655913979,907.7354838709678,904.2201612903226
2014-10,LEON,307.3,3.9,5.2,Adosado,14.073502304147464,8.086497695852534,20.067081413210445,2.0112609970674487,6.244623655913979,907.7354838709678,904.2201612903226
2014-10,LEON,382.96,3.5,6.4,Duplex,14.073502304147464,8.086497695852534,20.067081413210445,2.0112609970674487,6.244623655913979,907.7354838709678,904.2201612903226
2014-10,LEON,511.91,3.3,3.5,Casa Unifamiliar,14.073502304147464,8.086497695852534,20.067081413210445,2.0112609970674487,6.244623655913979,907.7354838709678,904.2201612903226
2014-11,LEON,278.2,2.1,5.8,Piso,7.3078095238095235,3.798888888888889,10.819777777777778,2.634616161616162,2.0944444444444446,900.2824999999999,893.9016666666666
2014-11,LEON,400.0,2.6,3.6,Adosado,7.3078095238095235,3.798888888888889,10.819777777777778,2.634616161616162,2.0944444444444446,900.2824999999999,893.9016666666666
2014-11,LEON,357.14,3.1,3.7,Duplex,7.3078095238095235,3.798888888888889,10.819777777777778,2.634616161616162,2.0944444444444446,900.2824999999999,893.9016666666666
2014-11,LEON,521.19,4.7,6.2,Casa Unifamiliar,7.3078095238095235,3.798888888888889,10.819777777777778,2.634616161616162,2.0944444444444446,900.2824999999999,893.9016666666666
2014-12,LEON,226.09,4.7,5.5,Piso,3.9133238804206543,-0.7739761313954862,8.600060262318326,2.434980449657869,3.532258064516129,914.0655913978494,909.2217741935484
2014-12,LEON,400.0,3.6,3.7,Adosado,3.9133238804206543,-0.7739761313954862,8.600060262318326,2.434980449657869,3.532258064516129,914.0655913978494,909.2217741935484
2014-12,LEON,413.13,2.9,4.7,Duplex,3.9133238804206543,-0.7739761313954862,8.600060262318326,2.434980449657869,3.532258064516129,914.0655913978494,909.2217741935484
2014-12,LEON,482.92,3.8,5.4,Casa Unifamiliar,3.9133238804206543,-0.7739761313954862,8.600060262318326,2.434980449657869,3.532258064516129,914.0655913978494,909.2217741935484
2015-01,LEON,210.12,2.4,5.4,Piso,2.64505376344086,-2.4696774193548388,7.752872503840246,2.136878462039752,4.049462365591398,913.5443548387096,907.1056451612903
2015-01,LEON,331.06,3.8,5.0,Adosado,2.64505376344086,-2.4696774193548388,7.752872503840246,2.136878462039752,4.049462365591398,913.5443548387096,907.1056451612903
2015-01,LEON,428.2,2.2,5.0,Duplex,2.64505376344086,-2.4696774193548388,7.752872503840246,2.136878462039752,4.049462365591398,913.5443548387096,907.1056451612903
2015-01,LEON,600.0,2.1,4.5,Casa Unifamiliar,2.64505376344086,-2.4696774193548388,7.752872503840246,2.136878462039752,4.049462365591398,913.5443548387096,907.1056451612903
2015-02,LEON,197.21,2.7,3.4,Piso,2.598809523809524,-1.584047619047619,6.772142857142858,3.347705627705628,3.9279761904761905,908.4089285714286,902.5330357142857
2015-02,LEON,400.0,4.0,6.4,Adosado,2.598809523809524,-1.584047619047619,6.772142857142858,3.347705627705628,3.9279761904761905,908.4089285714286,902.5330357142857
2015-02,LEON,388.04,4.6,4.9,Duplex,2.598809523809524,-1.584047619047619,6.772142857142858,3.347705627705628,3.9279761904761905,908.4089285714286,902.5330357142857
2015-02,LEON,495.2,4.2,5.7,Casa Unifamiliar,2.598809523809524,-1.584047619047619,6.772142857142858,3.347705627705628,3.9279761904761905,908.4089285714286,902.5330357142857
2015-03,LEON,247.53,3.7,4.8,Piso,7.519093701996927,0.9880645161290322,14.051612903225806,3.130278592375366,6.994623655913979,911.3287634408601,907.3155913978494
2015-03,LEON,400.0,3.9,6.4,Adosado,7.519093701996927,0.9880645161290322,14.051612903225806,3.130278592375366,6.994623655913979,911.3287634408601,907.3155913978494
2015-03,LEON,450.0,4.3,6.1,Duplex,7.519093701996927,0.9880645161290322,14.051612903225806,3.130278592375366,6.994623655913979,911.3287634408601,907.3155913978494
2015-03,LEON,600.0,3.4,5.9,Casa Unifamiliar,7.519093701996927,0.9880645161290322,14.051612903225806,3.130278592375366,6.994623655913979,911.3287634408601,907.3155913978494
2015-04,LEON,263.32,3.1,3.5,Piso,10.211777777777778,3.804873015873016,16.616714285714284,2.757853535353535,7.671666666666667,908.1183333333333,904.0283333333333
2015-04,LEON,312.3,4.6,3.9,Adosado,10.211777777777778,3.804873015873016,16.616714285714284,2.757853535353535,7.671666666666667,908.1183333333333,904.0283333333333
2015-04,LEON,450.0,4.9,3.4,Duplex,10.211777777777778,3.804873015873016,16.616714285714284,2.757853535353535,7.671666666666667,908.1183333333333,904.0283333333333
2015-04,LEON,600.0,3.6,4.8,Casa Unifamiliar,10.211777777777778,3.804873015873016,16.616714285714284,2.757853535353535,7.671666666666667,908.1183333333333,904.0283333333333
2015-05,LEON,300.0,4.4,5.4,Piso,13.274193548387096,5.953978494623656,20.592903225806452,3.6258064516129034,10.061827956989248,909.1693548387096,904.5991935483871
2015-05,LEON,400.0,4.4,3.5,Adosado,13.274193548387096,5.953978494623656,20.592903225806452,3.6258064516129034,10.061827956989248,909.1693548387096,904.5991935483871
2015-05,LEON,421.31,2.2,3.7,Duplex,13.274193548387096,5.953978494623656,20.592903225806452,3.6258064516129034,10.061827956989248,909.1693548387096,904.5991935483871
2015-05,LEON,555.22,4.8,4.7,Casa Unifamiliar,13.274193548387096,5.953978494623656,20.592903225806452,3.6258064516129034,10.061827956989248,909.1693548387096,904.5991935483871
2015-06,LEON,283.43,3.2,5.2,Piso,17.80000976800977,9.77019536019536,25.826531135531134,2.639040404040404,10.735000000000001,908.6683333333333,905.3433333333334
2015-06,LEON,364.28,2.2,4.6,Adosado,17.80000976800977,9.77019536019536,25.826531135531134,2.639040404040404,10.735000000000001,908.6683333333333,905.3433333333334
2015-06,LEON,391.51,2.7,5.5,Duplex,17.80000976800977,9.77019536019536,25.826531135531134,2.639040404040404,10.735000000000001,908.6683333333333,905.3433333333334
2015-06,LEON,600.0,3.8,5.9,Casa Unifamiliar,17.80000976800977,9.77019536019536,25.826531135531134,2.639040404040404,10.735000000000001,908.6683333333333,905.3433333333334
2015-07,LEON,289.84,4.6,4.1,Piso,20.524973413683092,12.266501240694788,28.78142502658632,3.231642228739003,11.59032258064516,908.1588709677419,904.8967741935484
2015-07,LEON,374.18,3.4,3.8,Adosado,20.524973413683092,12.266501240694788,28.78142502658632,3.231642228739003,11.59032258064516,908.1588709677419,904.8967741935484
2015-07,LEON,442.82,3.1,3.6,Duplex,20.524973413683092,12.266501240694788,28.78142502658632,3.231642228739003,11.59032258064516,908.1588709677419,904.8967741935484
2015-07,LEON,462.53,3.0,6.0,Casa Unifamiliar,20.524973413683092,12.266501240694788,28.78142502658632,3.231642228739003,11.59032258064516,908.1588709677419,904.8967741935484
2015-08,LEON,300.0,4.2,3.6,Piso,18.320276497695854,10.72442396313364,25.92142857142857,3.0239589442815253,9.66989247311828,907.1354838709677,903.3838709677419
2015-08,LEON,316.62,3.7,4.9,Adosado,18.320276497695854,10.72442396313364,25.92142857142857,3.0239589442815253,9.66989247311828,907.1354838709677,903.3838709677419
2015-08,LEON,328.06,4.1,5.1,Duplex,18.320276497695854,10.72442396313364,25.92142857142857,3.0239589442815253,9.66989247311828,907.1354838709677,903.3838709677419
2015-08,LEON,529.05,3.3,6.0,Casa Unifamiliar,18.320276497695854,10.72442396313364,25.92142857142857,3.0239589442815253,9.66989247311828,907.1354838709677,903.3838709677419
2015-09,LEON,300.0,2.7,6.4,Piso,14.103992673992675,7.047692307692308,21.162747252747252,2.5776868686868686,8.6,907.1258333333334,902.7933333333333
2015-09,LEON,384.05,2.1,6.6,Adosado,14.103992673992675,7.047692307692308,21.162747252747252,2.5776868686868686,8.6,907.1258333333334,902.7933333333333
2015-09,LEON,347.1,4.5,5.0,Duplex,14.103992673992675,7.047692307692308,21.162747252747252,2.5776868686868686,8.6,907.1258333333334,902.7933333333333
2015-09,LEON,502.81,4.7,5.6,Casa Unifamiliar,14.103992673992675,7.047692307692308,21.162747252747252,2.5776868686868686,8.6,907.1258333333334,902.7933333333333
2015-10,LEON,183.92,4.3,4.2,Piso,11.146886446886448,5.906179841663713,16.391348221670803,2.2991348973607035,5.038172043010753,916.7145161290323,912.0322580645161
2015-10,LEON,362.28,3.5,5.5,Adosado,11.146886446886448,5.906179841663713,16.391348221670803,2.2991348973607035,5.038172043010753,916.7145161290323,912.0322580645161
2015-10,LEON,358.43,4.2,4.8,Duplex,11.146886446886448,5.906179841663713,16.391348221670803,2.2991348973607035,5.038172043010753,916.7145161290323,912.0322580645161
2015-10,LEON,600.0,4.7,4.5,Casa Unifamiliar,11.146886446886448,5.906179841663713,16.391348221670803,2.2991348973607035,5.038172043010753,916.7145161290323,912.0322580645161
2015-11,LEON,242.59,3.2,5.6,Piso,8.835824175824175,3.71029304029304,13.968516483516483,1.9773030303030303,4.508333333333334,932.7366666666666,928.0622222222223
2015-11,LEON,307.14,4.2,4.5,Adosado,8.835824175824175,3.71029304029304,13.968516483516483,1.9773030303030303,4.508333333333334,932.7366666666666,928.0622222222223
2015-11,LEON,429.92,4.6,4.8,Duplex,8.835824175824175,3.71029304029304,13.968516483516483,1.9773030303030303,4.508333333333334,932.7366666666666,928.0622222222223
2015-11,LEON,466.78,4.5,5.5,Casa Unifamiliar,8.835824175824175,3.71029304029304,13.968516483516483,1.9773030303030303,4.508333333333334,932.7366666666666,928.0622222222223
2015-12,LEON,205.61,3.4,5.9,Piso,5.405806451612904,1.313978494623656,9.498878648233486,1.6316520039100684,2.024731182795699,920.278494623656,915.4301075268817
2015-12,LEON,376.25,2.8,6.3,Adosado,5.405806451612904,1.313978494623656,9.498878648233486,1.6316520039100684,2.024731182795699,920.278494623656,915.4301075268817
2015-12,LEON,450.0,3.8,4.5,Duplex,5.405806451612904,1.313978494623656,9.498878648233486,1.6316520039100684,2.024731182795699,920.278494623656,915.4301075268817
2015-12,LEON,600.0,2.1,3.8,Casa Unifamiliar,5.405806451612904,1.313978494623656,9.498878648233486,1.6316520039100684,2.024731182795699,920.278494623656,915.4301075268817
2016-01,LEON,203.55,3.9,4.9,Piso,4.709907834101383,1.3235023041474654,8.09815668202765,2.6285923753665688,2.3172043010752685,909.1475806451613,903.2201612903226
2016-01,LEON,400.0,2.1,5.6,Adosado,4.709907834101383,1.3235023041474654,8.09815668202765,2.6285923753665688,2.3172043010752685,909.1475806451613,903.2201612903226
2016-01,LEON,449.05,3.0,4.1,Duplex,4.709907834101383,1.3235023041474654,8.09815668202765,2.6285923753665688,2.3172043010752685,909.1475806451613,903.2201612903226
2016-01,LEON,600.0,3.5,6.4,Casa Unifamiliar,4.709907834101383,1.3235023041474654,8.09815668202765,2.6285923753665688,2.3172043010752685,909.1475806451613,903.2201612903226
2016-02,LEON,277.59,4.4,6.3,Piso,4.340886699507389,-0.08177339901477833,8.759113300492611,3.360276907001045,4.56206896551724,909.0603448275862,901.5663793103448
2016-02,LEON,376.86,3.9,5.7,Adosado,4.340886699507389,-0.08177339901477833,8.759113300492611,3.360276907001045,4.56206896551724,909.0603448275862,901.5663793103448
2016-02,LEON,360.35,2.7,5.9,Duplex,4.340886699507389,-0.08177339901477833,8.759113300492611,3.360276907001045,4.56206896551724,909.0603448275862,901.5663793103448
2016-02,LEON,506.59,4.9,6.5,Casa Unifamiliar,4.340886699507389,-0.08177339901477833,8.759113300492611,3.360276907001045,4.56206896551724,909.0603448275862,901.5663793103448
2016-03,LEON,176.71,2.2,6.6,Piso,5.184101382488479,-0.12073732718894012,10.488709677419354,3.4522580645161294,5.7333333333333325,905.6395161290322,900.3967741935484
2016-03,LEON,316.57,3.7,4.8,Adosado,5.184101382488479,-0.12073732718894012,10.488709677419354,3.4522580645161294,5.7333333333333325,905.6395161290322,900.3967741935484
2016-03,LEON,450.0,4.5,3.4,Duplex,5.184101382488479,-0.12073732718894012,10.488709677419354,3.4522580645161294,5.7333333333333325,905.6395161290322,900.3967741935484
2016-03,LEON,504.07,2.4,4.6,Casa Unifamiliar,5.184101382488479,-0.12073732718894012,10.488709677419354,3.4522580645161294,5.7333333333333325,905.6395161290322,900.3967741935484
2016-04,LEON,284.39,4.8,6.6,Piso,7.5231221001221,2.4349242979242978,12.609492063492064,3.3169949494949496,6.546111111111111,902.9300000000001,897.9666666666667
2016-04,LEON,343.58,3.8,5.9,Adosado,7.5231221001221,2.4349242979242978,12.609492063492064,3.3169949494949496,6.546111111111111,902.9300000000001,897.9666666666667
2016-04,LEON,438.39,4.0,5.0,Duplex,7.5231221001221,2.4349242979242978,12.609492063492064,3.3169949494949496,6.546111111111111,902.9300000000001,897.9666666666667
2016-04,LEON,600.0,4.5,5.5,Casa Unifamiliar,7.5231221001221,2.4349242979242978,12.609492063492064,3.3169949494949496,6.546111111111111,902.9300000000001,897.9666666666667
2016-05,LEON,211.21,3.4,6.0,Piso,11.46178187403994,5.6899999999999995,17.250614439324114,3.0565151515151516,7.536559139784946,904.7790322580646,899.9814516129032
2016-05,LEON,400.0,4.9,4.5,Adosado,11.46178187403994,5.6899999999999995,17.250614439324114,3.0565151515151516,7.536559139784946,904.7790322580646,899.9814516129032
2016-05,LEON,441.56,2.5,4.6,Duplex,11.46178187403994,5.6899999999999995,17.250614439324114,3.0565151515151516,7.536559139784946,904.7790322580646,899.9814516129032
2016-05,LEON,498.84,2.4,3.5,Casa Unifamiliar,11.46178187403994,5.6899999999999995,17.250614439324114,3.0565151515151516,7.536559139784946,904.7790322580646,899.9814516129032
2016-06,LEON,260.33,4.4,6.6,Piso,16.33577777777778,9.076444444444444,23.595111111111112,3.135328282828283,10.276111111111112,909.4516666666666,905.2605555555555
2016-06,LEON,338.67,3.4,5.7,Adosado,16.33577777777778,9.076444444444444,23.595111111111112,3.135328282828283,10.276111111111112,909.4516666666666,905.2605555555555
2016-06,LEON,429.3,3.8,6.2,Duplex,16.33577777777778,9.076444444444444,23.595111111111112,3.135328282828283,10.276111111111112,909.4516666666666,905.2605555555555
2016-06,LEON,600.0,4.1,5.2,Casa Unifamiliar,16.33577777777778,9.076444444444444,23.595111111111112,3.135328282828283,10.276111111111112,909.4516666666666,905.2605555555555
2016-07,LEON,175.42,3.6,5.9,Piso,20.002018196856906,11.40406947890819,28.603076923076923,2.8250342130987294,12.46021505376344,909.8185483870968,906.4661290322581
2016-07,LEON,331.39,4.1,4.2,Adosado,20.002018196856906,11.40406947890819,28.603076923076923,2.8250342130987294,12.46021505376344,909.8185483870968,906.4661290322581
2016-07,LEON,384.67,2.8,5.7,Duplex,20.002018196856906,11.40406947890819,28.603076923076923,2.8250342130987294,12.46021505376344,909.8185483870968,906.4661290322581
2016-07,LEON,397.49,2.1,6.5,Casa Unifamiliar,20.002018196856906,11.40406947890819,28.603076923076923,2.8250342130987294,12.46021505376344,909.8185483870968,906.4661290322581
2016-08,LEON,224.49,4.2,4.4,Piso,19.858710859033437,10.9206156209382,28.79748552522746,2.686485826001955,11.45,914.1163978494624,910.5051075268817
2016-08,LEON,310.39,4.4,6.5,Adosado,19.858710859033437,10.9206156209382,28.79748552522746,2.686485826001955,11.45,914.1163978494624,910.5051075268817
2016-08,LEON,409.77,3.4,4.4,Duplex,19.858710859033437,10.9206156209382,28.79748552522746,2.686485826001955,11.45,914.1163978494624,910.5051075268817
2016-08,LEON,556.94,3.3,5.3,Casa Unifamiliar,19.858710859033437,10.9206156209382,28.79748552522746,2.686485826001955,11.45,914.1163978494624,910.5051075268817
2016-09,LEON,237.21,3.6,6.0,Piso,16.730015873015873,8.967809523809525,24.4935873015873,2.3778282828282826,9.195,910.6261111111111,906.686111111111
2016-09,LEON,324.14,2.9,6.2,Adosado,16.730015873015873,8.967809523809525,24.4935873015873,2.3778282828282826,9.195,910.6261111111111,906.686111111111
2016-09,LEON,450.0,5.0,5.8,Duplex,16.730015873015873,8.967809523809525,24.4935873015873,2.3778282828282826,9.195,910.6261111111111,906.686111111111
2016-09,LEON,600.0,4.5,6.2,Casa Unifamiliar,16.730015873015873,8.967809523809525,24.4935873015873,2.3778282828282826,9.195,910.6261111111111,906.686111111111
2016-10,LEON,216.75,3.8,3.4,Piso,12.541505376344087,6.3247311827956985,18.754193548387097,1.7755620723362657,6.368817204301076,907.2370967741934,902.4693548387097
2016-10,LEON,340.63,2.7,6.3,Adosado,12.541505376344087,6.3247311827956985,18.754193548387097,1.7755620723362657,6.368817204301076,907.2370967741934,902.4693548387097
2016-10,LEON,450.0,2.8,4.1,Duplex,12.541505376344087,6.3247311827956985,18.754193548387097,1.7755620723362657,6.368817204301076,907.2370967741934,902.4693548387097
2016-10,LEON,600.0,2.4,5.6,Casa Unifamiliar,12.541505376344087,6.3247311827956985,18.754193548387097,1.7755620723362657,6.368817204301076,907.2370967741934,902.4693548387097
2016-11,LEON,254.74,3.5,5.0,Piso,6.264031746031746,1.3831428571428572,11.144285714285713,2.364292929292929,3.7911111111111113,906.1255555555556,901.6408333333333
2016-11,LEON,400.0,4.3,4.0,Adosado,6.264031746031746,1.3831428571428572,11.144285714285713,2.364292929292929,3.7911111111111113,906.1255555555556,901.6408333333333
2016-11,LEON,361.0,3.9,4.5,Duplex,6.264031746031746,1.3831428571428572,11.144285714285713,2.364292929292929,3.7911111111111113,906.1255555555556,901.6408333333333
2016-11,LEON,600.0,4.4,4.5,Casa Unifamiliar,6.264031746031746,1.3831428571428572,11.144285714285713,2.364292929292929,3.7911111111111113,906.1255555555556,901.6408333333333
2016-12,LEON,188.54,2.5,3.9,Piso,5.198231123714995,-0.1313943046201111,10.532011107172398,1.3316226783968719,4.446236559139785,921.8236559139784,917.233870967742
2016-12,LEON,295.38,2.6,5.4,Adosado,5.198231123714995,-0.1313943046201111,10.532011107172398,1.3316226783968719,4.446236559139785,921.8236559139784,917.233870967742
2016-12,LEON,437.91,2.1,4.4,Duplex,5.198231123714995,-0.1313943046201111,10.532011107172398,1.3316226783968719,4.446236559139785,921.8236559139784,917.233870967742
2016-12,LEON,600.0,4.2,5.1,Casa Unifamiliar,5.198231123714995,-0.1313943046201111,10.532011107172398,1.3316226783968719,4.446236559139785,921.8236559139784,917.233870967742
2017-01,LEON,172.8,2.1,4.5,Piso,2.961378943637008,-2.745267635590216,8.67387451258419,2.1035190615835777,4.65,914.3817204301075,910.0817204301076
2017-01,LEON,391.5,4.6,5.7,Adosado,2.961378943637008,-2.745267635590216,8.67387451258419,2.1035190615835777,4.65,914.3817204301075,910.0817204301076
2017-01,LEON,371.04,2.0,5.9,Duplex,2.961378943637008,-2.745267635590216,8.67387451258419,2.1035190615835777,4.65,914.3817204301075,910.0817204301076
2017-01,LEON,506.89,4.9,3.6,Casa Unifamiliar,2.961378943637008,-2.745267635590216,8.67387451258419,2.1035190615835777,4.65,914.3817204301075,910.0817204301076
2017-02,LEON,300.0,4.9,5.2,Piso,5.8258241758241756,0.5900392464678179,11.066049188906332,2.9481872294372296,5.277380952380953,912.2247023809524,905.4056547619048
2017-02,LEON,400.0,3.2,5.2,Adosado,5.8258241758241756,0.5900392464678179,11.066049188906332,2.9481872294372296,5.277380952380953,912.2247023809524,905.4056547619048
2017-02,LEON,387.37,3.6,4.1,Duplex,5.8258241758241756,0.5900392464678179,11.066049188906332,2.9481872294372296,5.277380952380953,912.2247023809524,905.4056547619048
2017-02,LEON,600.0,4.1,3.5,Casa Unifamiliar,5.8258241758241756,0.5900392464678179,11.066049188906332,2.9481872294372296,5.277380952380953,912.2247023809524,905.4056547619048
2017-03,LEON,300.0,4.2,5.7,Piso,7.6896774193548385,1.320215053763441,14.055913978494623,3.070967741935484,6.546236559139785,908.925,903.7220430107526
2017-03,LEON,369.01,2.9,6.4,Adosado,7.6896774193548385,1.320215053763441,14.055913978494623,3.070967741935484,6.546236559139785,908.925,903.7220430107526
2017-03,LEON,425.02,3.1,5.5,Duplex,7.6896774193548385,1.320215053763441,14.055913978494623,3.070967741935484,6.546236559139785,908.925,903.7220430107526
2017-03,LEON,600.0,3.4,5.5,Casa Unifamiliar,7.6896774193548385,1.320215053763441,14.055913978494623,3.070967741935484,6.546236559139785,908.925,903.7220430107526
2017-04,LEON,300.0,4.2,6.5,Piso,10.683714285714284,2.087285714285714,19.283285714285714,3.0383333333333336,10.855,908.276111111111,904.1605555555556
2017-04,LEON,336.72,4.9,4.4,Adosado,10.683714285714284,2.087285714285714,19.283285714285714,3.0383333333333336,10.855,908.276111111111,904.1605555555556
2017-04,LEON,450.0,2.2,4.1,Duplex,10.683714285714284,2.087285714285714,19.283285714285714,3.0383333333333336,10.855,908.276111111111,904.1605555555556
2017-04,LEON,515.77,2.5,4.9,Casa Unifamiliar,10.683714285714284,2.087285714285714,19.283285714285714,3.0383333333333336,10.855,908.276111111111,904.1605555555556
2017-05,LEON,272.4,4.0,5.6,Piso,14.243772302965851,7.582124649544004,20.906347416024833,2.828626588465298,7.499462365591398,907.0954301075268,901.9782258064516
2017-05,LEON,317.03,2.3,3.4,Adosado,14.243772302965851,7.582124649544004,20.906347416024833,2.828626588465298,7.499462365591398,907.0954301075268,901.9782258064516
2017-05,LEON,450.0,4.1,4.1,Duplex,14.243772302965851,7.582124649544004,20.906347416024833,2.828626588465298,7.499462365591398,907.0954301075268,901.9782258064516
2017-05,LEON,600.0,4.4,5.9,Casa Unifamiliar,14.243772302965851,7.582124649544004,20.906347416024833,2.828626588465298,7.499462365591398,907.0954301075268,901.9782258064516
2017-06,LEON,252.54,2.5,5.5,Piso,19.002200854700853,11.565491452991454,26.437948717948718,3.0467306397306397,10.238888888888889,915.0405555555556,911.0977777777778
2017-06,LEON,341.5,4.3,4.8,Adosado,19.002200854700853,11.565491452991454,26.437948717948718,3.0467306397306397,10.238888888888889,915.0405555555556,911.0977777777778
2017-06,LEON,338.27,2.9,3.4,Duplex,19.002200854700853,11.565491452991454,26.437948717948718,3.0467306397306397,10.238888888888889,915.0405555555556,911.0977777777778
2017-06,LEON,428.53,2.3,6.1,Casa Unifamiliar,19.002200854700853,11.565491452991454,26.437948717948718,3.0467306397306397,10.238888888888889,915.0405555555556,911.0977777777778
2017-07,LEON,189.09,2.1,3.4,Piso,19.81440978376462,11.29039052345504,28.33501713340423,2.9481492342782665,11.929032258064517,932.5032258064516,928.7032258064515
2017-07,LEON,277.57,2.1,3.9,Adosado,19.81440978376462,11.29039052345504,28.33501713340423,2.9481492342782665,11.929032258064517,932.5032258064516,928.7032258064515
2017-07,LEON,335.79,4.0,3.7,Duplex,19.81440978376462,11.29039052345504,28.33501713340423,2.9481492342782665,11.929032258064517,932.5032258064516,928.7032258064515
2017-07,LEON,560.05,3.4,5.2,Casa Unifamiliar,19.81440978376462,11.29039052345504,28.33501713340423,2.9481492342782665,11.929032258064517,932.5032258064516,928.7032258064515
2017-08,LEON,300.0,3.2,6.0,Piso,19.002597939694716,10.757790059402963,27.240384615384617,2.9539524275008144,10.191935483870967,913.3354838709678,909.7413978494624
2017-08,LEON,269.74,2.7,4.2,Adosado,19.002597939694716,10.757790059402963,27.240384615384617,2.9539524275008144,10.191935483870967,913.3354838709678,909.7413978494624
2017-08,LEON,335.18,4.4,4.9,Duplex,19.002597939694716,10.757790059402963,27.240384615384617,2.9539524275008144,10.191935483870967,913.3354838709678,909.7413978494624
2017-08,LEON,572.32,2.3,5.3,Casa Unifamiliar,19.002597939694716,10.757790059402963,27.240384615384617,2.9539524275008144,10.191935483870967,913.3354838709678,909.7413978494624
2017-09,LEON,206.7,4.7,4.2,Piso,15.391717171717172,7.445227272727272,23.342853535353534,2.6921481481481484,9.815,938.02,934.0016666666667
2017-09,LEON,333.78,4.7,6.1,Adosado,15.391717171717172,7.445227272727272,23.342853535353534,2.6921481481481484,9.815,938.02,934.0016666666667
2017-09,LEON,450.0,2.9,5.8,Duplex,15.391717171717172,7.445227272727272,23.342853535353534,2.6921481481481484,9.815,938.02,934.0016666666667
2017-09,LEON,599.07,2.1,4.0,Casa Unifamiliar,15.391717171717172,7.445227272727272,23.342853535353534,2.6921481481481484,9.815,938.02,934.0016666666667
2017-10,LEON,300.0,4.4,4.3,Piso,14.041619670651928,5.395485160001289,22.697521833005705,1.9299706744868035,8.46989247311828,923.5612903225807,919.7903225806451
2017-10,LEON,400.0,2.4,6.3,Adosado,14.041619670651928,5.395485160001289,22.697521833005705,1.9299706744868035,8.46989247311828,923.5612903225807,919.7903225806451
2017-10,LEON,450.0,2.4,4.2,Duplex,14.041619670651928,5.395485160001289,22.697521833005705,1.9299706744868035,8.46989247311828,923.5612903225807,919.7903225806451
2017-10,LEON,554.86,4.3,5.1,Casa Unifamiliar,14.041619670651928,5.395485160001289,22.697521833005705,1.9299706744868035,8.46989247311828,923.5612903225807,919.7903225806451
2017-11,LEON,210.18,3.4,5.4,Piso,6.496190476190476,0.28476190476190477,12.702380952380953,2.1079292929292928,5.444444444444445,910.0966666666667,905.7025
2017-11,LEON,345.7,4.6,6.3,Adosado,6.496190476190476,0.28476190476190477,12.702380952380953,2.1079292929292928,5.444444444444445,910.0966666666667,905.7025
2017-11,LEON,450.0,2.3,5.6,Duplex,6.496190476190476,0.28476190476190477,12.702380952380953,2.1079292929292928,5.444444444444445,910.0966666666667,905.7025
2017-11,LEON,493.83,4.7,4.9,Casa Unifamiliar,6.496190476190476,0.28476190476190477,12.702380952380953,2.1079292929292928,5.444444444444445,910.0966666666667,905.7025
2017-12,LEON,300.0,2.5,4.7,Piso,3.9306097128677777,-0.7300248138957816,8.591191066997519,2.5351661779081134,3.6236559139784945,926.644623655914,919.4559139784946
2017-12,LEON,323.39,4.1,6.3,Adosado,3.9306097128677777,-0.7300248138957816,8.591191066997519,2.5351661779081134,3.6236559139784945,926.644623655914,919.4559139784946
2017-12,LEON,450.0,3.9,4.8,Duplex,3.9306097128677777,-0.7300248138957816,8.591191066997519,2.5351661779081134,3.6236559139784945,926.644623655914,919.4559139784946
2017-12,LEON,506.38,2.1,4.5,Casa Unifamiliar,3.9306097128677777,-0.7300248138957816,8.591191066997519,2.5351661779081134,3.6236559139784945,926.644623655914,919.4559139784946
2018-01,LEON,203.74,4.8,3.9,Piso,4.316323998582063,-0.10225097483161998,8.734260900389932,2.5799022482893452,3.675806451612903,912.5817204301076,907.472311827957
2018-01,LEON,384.15,2.1,3.6,Adosado,4.316323998582063,-0.10225097483161998,8.734260900389932,2.5799022482893452,3.675806451612903,912.5817204301076,907.472311827957
2018-01,LEON,425.48,4.5,6.2,Duplex,4.316323998582063,-0.10225097483161998,8.734260900389932,2.5799022482893452,3.675806451612903,912.5817204301076,907.472311827957
2018-01,LEON,517.8,3.6,5.9,Casa Unifamiliar,4.316323998582063,-0.10225097483161998,8.734260900389932,2.5799022482893452,3.675806451612903,912.5817204301076,907.472311827957
2018-02,LEON,251.83,3.2,4.3,Piso,2.362186028257457,-2.623724489795918,7.348645996860283,2.835021645021645,4.701190476190476,904.31875,899.5419642857142
2018-02,LEON,400.0,3.6,5.4,Adosado,2.362186028257457,-2.623724489795918,7.348645996860283,2.835021645021645,4.701190476190476,904.31875,899.5419642857142
2018-02,LEON,378.46,4.2,6.5,Duplex,2.362186028257457,-2.623724489795918,7.348645996860283,2.835021645021645,4.701190476190476,904.31875,899.5419642857142
2018-02,LEON,588.47,3.1,5.5,Casa Unifamiliar,2.362186028257457,-2.623724489795918,7.348645996860283,2.835021645021645,4.701190476190476,904.31875,899.5419642857142
2018-03,LEON,259.33,3.6,5.4,Piso,4.3887451258419,0.1946295639844027,8.582045373980858,4.030058651026393,4.875268817204301,909.6844086021506,901.4456989247311
2018-03,LEON,400.0,4.1,3.9,Adosado,4.3887451258419,0.1946295639844027,8.582045373980858,4.030058651026393,4.875268817204301,909.6844086021506,901.4456989247311
2018-03,LEON,450.0,3.7,3.9,Duplex,4.3887451258419,0.1946295639844027,8.582045373980858,4.030058651026393,4.875268817204301,909.6844086021506,901.4456989247311
2018-03,LEON,580.31,5.0,4.9,Casa Unifamiliar,4.3887451258419,0.1946295639844027,8.582045373980858,4.030058651026393,4.875268817204301,909.6844086021506,901.4456989247311
2018-04,LEON,281.73,2.5,5.2,Piso,9.59600233100233,3.726083916083916,15.478745143745146,3.0417777777777775,6.951666666666666,920.44,915.0944444444444
2018-04,LEON,363.81,4.8,5.2,Adosado,9.59600233100233,3.726083916083916,15.478745143745146,3.0417777777777775,6.951666666666666,920.44,915.0944444444444
2018-04,LEON,450.0,4.0,4.4,Duplex,9.59600233100233,3.726083916083916,15.478745143745146,3.0417777777777775,6.951666666666666,920.44,915.0944444444444
2018-04,LEON,514.7,2.2,4.3,Casa Unifamiliar,9.59600233100233,3.726083916083916,15.478745143745146,3.0417777777777775,6.951666666666666,920.44,915.0944444444444
2018-05,LEON,211.13,3.5,4.7,Piso,12.006161741484323,5.406892999473645,18.604613504774793,2.6735434995112413,8.44032258064516,914.3059139784947,910.8771505376344
2018-05,LEON,390.8,3.7,5.3,Adosado,12.006161741484323,5.406892999473645,18.604613504774793,2.6735434995112413,8.44032258064516,914.3059139784947,910.8771505376344
2018-05,LEON,436.55,4.9,6.5,Duplex,12.006161741484323,5.406892999473645,18.604613504774793,2.6735434995112413,8.44032258064516,914.3059139784947,910.8771505376344
2018-05,LEON,538.99,2.9,3.9,Casa Unifamiliar,12.006161741484323,5.406892999473645,18.604613504774793,2.6735434995112413,8.44032258064516,914.3059139784947,910.8771505376344
2018-06,LEON,273.61,2.3,5.6,Piso,16.627816072816074,10.300897435897436,22.94981351981352,2.591111111111111,8.955555555555556,906.5983333333334,903.3658333333333
2018-06,LEON,400.0,2.5,3.3,Adosado,16.627816072816074,10.300897435897436,22.94981351981352,2.591111111111111,8.955555555555556,906.5983333333334,903.3658333333333
2018-06,LEON,404.25,5.0,4.4,Duplex,16.627816072816074,10.300897435897436,22.94981351981352,2.591111111111111,8.955555555555556,906.5983333333334,903.3658333333333
2018-06,LEON,485.7,3.5,6.0,Casa Unifamiliar,16.627816072816074,10.300897435897436,22.94981351981352,2.591111111111111,8.955555555555556,906.5983333333334,903.3658333333333
2018-07,LEON,234.69,4.0,6.2,Piso,18.591557635912476,11.922755470336117,25.26491331249396,2.386060606060606,9.790860215053764,922.8768817204301,919.7322580645161
2018-07,LEON,375.36,2.2,5.5,Adosado,18.591557635912476,11.922755470336117,25.26491331249396,2.386060606060606,9.790860215053764,922.8768817204301,919.7322580645161
2018-07,LEON,328.47,4.6,5.1,Duplex,18.591557635912476,11.922755470336117,25.26491331249396,2.386060606060606,9.790860215053764,922.8768817204301,919.7322580645161
2018-07,LEON,565.38,4.4,3.8,Casa Unifamiliar,18.591557635912476,11.922755470336117,25.26491331249396,2.386060606060606,9.790860215053764,922.8768817204301,919.7322580645161
2018-08,LEON,227.38,3.9,5.8,Piso,19.9712158808933,10.986848635235733,28.953846153846154,2.481818181818182,12.298387096774194,926.9978494623656,923.1795698924731
2018-08,LEON,357.52,3.3,5.0,Adosado,19.9712158808933,10.986848635235733,28.953846153846154,2.481818181818182,12.298387096774194,926.9978494623656,923.1795698924731
2018-08,LEON,409.01,4.9,6.5,Duplex,19.9712158808933,10.986848635235733,28.953846153846154,2.481818181818182,12.298387096774194,926.9978494623656,923.1795698924731
2018-08,LEON,557.65,4.3,6.6,Casa Unifamiliar,19.9712158808933,10.986848635235733,28.953846153846154,2.481818181818182,12.298387096774194,926.9978494623656,923.1795698924731
2018-09,LEON,250.91,3.4,5.0,Piso,18.691688034188033,10.409166666666668,26.9709188034188,2.048952861952862,10.22,928.5933333333334,924.9077777777778
2018-09,LEON,269.3,3.9,5.0,Adosado,18.691688034188033,10.409166666666668,26.9709188034188,2.048952861952862,10.22,928.5933333333334,924.9077777777778
2018-09,LEON,332.5,2.5,3.7,Duplex,18.691688034188033,10.409166666666668,26.9709188034188,2.048952861952862,10.22,928.5933333333334,924.9077777777778
2018-09,LEON,600.0,3.7,6.1,Casa Unifamiliar,18.691688034188033,10.409166666666668,26.9709188034188,2.048952861952862,10.22,928.5933333333334,924.9077777777778
2018-10,LEON,300.0,4.5,5.6,Piso,11.488606286186933,4.793631100082712,18.18643507030604,2.5462463343108506,6.859677419354839,924.3956989247312,918.9182795698924
2018-10,LEON,342.09,3.0,6.1,Adosado,11.488606286186933,4.793631100082712,18.18643507030604,2.5462463343108506,6.859677419354839,924.3956989247312,918.9182795698924
2018-10,LEON,436.65,3.3,6.3,Duplex,11.488606286186933,4.793631100082712,18.18643507030604,2.5462463343108506,6.859677419354839,924.3956989247312,918.9182795698924
2018-10,LEON,600.0,4.1,4.8,Casa Unifamiliar,11.488606286186933,4.793631100082712,18.18643507030604,2.5462463343108506,6.859677419354839,924.3956989247312,918.9182795698924
2018-11,LEON,293.97,2.6,5.4,Piso,6.451981074481074,2.413669108669109,10.503241758241758,2.181494949494949,2.801111111111111,912.1736111111111,905.7166666666667
2018-11,LEON,400.0,2.4,4.6,Adosado,6.451981074481074,2.413669108669109,10.503241758241758,2.181494949494949,2.801111111111111,912.1736111111111,905.7166666666667
2018-11,LEON,450.0,4.6,4.7,Duplex,6.451981074481074,2.413669108669109,10.503241758241758,2.181494949494949,2.801111111111111,912.1736111111111,905.7166666666667
2018-11,LEON,477.87,4.5,5.0,Casa Unifamiliar,6.451981074481074,2.413669108669109,10.503241758241758,2.181494949494949,2.801111111111111,912.1736111111111,905.7166666666667
2018-12,LEON,300.0,4.5,4.9,Piso,5.890423017842373,1.217511520737327,10.566400803497578,1.8915395894428153,3.0763440860215057,913.8153225806452,909.5814516129033
2018-12,LEON,382.86,3.9,4.1,Adosado,5.890423017842373,1.217511520737327,10.566400803497578,1.8915395894428153,3.0763440860215057,913.8153225806452,909.5814516129033
2018-12,LEON,450.0,2.5,4.9,Duplex,5.890423017842373,1.217511520737327,10.566400803497578,1.8915395894428153,3.0763440860215057,913.8153225806452,909.5814516129033
2018-12,LEON,600.0,3.1,4.0,Casa Unifamiliar,5.890423017842373,1.217511520737327,10.566400803497578,1.8915395894428153,3.0763440860215057,913.8153225806452,909.5814516129033
2019-01,LEON,229.24,3.5,5.3,Piso,3.494437551695616,-2.2086641852770885,9.188006617038875,2.6619501466275657,5.046236559139785,910.45,905.5048387096774
2019-01,LEON,400.0,3.7,5.6,Adosado,3.494437551695616,-2.2086641852770885,9.188006617038875,2.6619501466275657,5.046236559139785,910.45,905.5048387096774
2019-01,LEON,381.97,4.7,4.7,Duplex,3.494437551695616,-2.2086641852770885,9.188006617038875,2.6619501466275657,5.046236559139785,910.45,905.5048387096774
2019-01,LEON,508.4,3.1,6.5,Casa Unifamiliar,3.494437551695616,-2.2086641852770885,9.188006617038875,2.6619501466275657,5.046236559139785,910.45,905.5048387096774
2019-02,LEON,221.63,2.7,4.6,Piso,5.743759811616954,-1.096997645211931,12.587048665620094,1.9368452380952381,7.261904761904762,912.5383928571429,907.8000000000001
2019-02,LEON,312.26,3.5,5.5,Adosado,5.743759811616954,-1.096997645211931,12.587048665620094,1.9368452380952381,7.261904761904762,912.5383928571429,907.8000000000001
2019-02,LEON,450.0,4.7,3.9,Duplex,5.743759811616954,-1.096997645211931,12.587048665620094,1.9368452380952381,7.261904761904762,912.5383928571429,907.8000000000001
2019-02,LEON,594.58,4.9,3.6,Casa Unifamiliar,5.743759811616954,-1.096997645211931,12.587048665620094,1.9368452380952381,7.261904761904762,912.5383928571429,907.8000000000001
2019-03,LEON,300.0,4.3,6.0,Piso,7.776958525345623,0.2398617511520737,15.313824884792627,3.0357771260997066,8.80215053763441,911.9274193548387,906.7919354838709
2019-03,LEON,400.0,2.1,5.1,Adosado,7.776958525345623,0.2398617511520737,15.313824884792627,3.0357771260997066,8.80215053763441,911.9274193548387,906.7919354838709
2019-03,LEON,450.0,2.5,5.5,Duplex,7.776958525345623,0.2398617511520737,15.313824884792627,3.0357771260997066,8.80215053763441,911.9274193548387,906.7919354838709
2019-03,LEON,600.0,4.2,6.1,Casa Unifamiliar,7.776958525345623,0.2398617511520737,15.313824884792627,3.0357771260997066,8.80215053763441,911.9274193548387,906.7919354838709
2019-04,LEON,184.97,2.5,4.3,Piso,8.399981684981686,2.34470695970696,14.456941391941392,3.4492171717171716,7.193333333333333,902.5949999999999,896.7216666666667
2019-04,LEON,400.0,2.2,4.9,Adosado,8.399981684981686,2.34470695970696,14.456941391941392,3.4492171717171716,7.193333333333333,902.5949999999999,896.7216666666667
2019-04,LEON,450.0,2.8,5.8,Duplex,8.399981684981686,2.34470695970696,14.456941391941392,3.4492171717171716,7.193333333333333,902.5949999999999,896.7216666666667
2019-04,LEON,573.19,2.8,4.4,Casa Unifamiliar,8.399981684981686,2.34470695970696,14.456941391941392,3.4492171717171716,7.193333333333333,902.5949999999999,896.7216666666667
2019-05,LEON,300.0,3.1,5.0,Piso,12.498463901689709,4.633865059671511,20.360596124305804,3.4090664711632455,9.99247311827957,906.6959677419355,902.6306451612903
2019-05,LEON,326.06,4.1,5.2,Adosado,12.498463901689709,4.633865059671511,20.360596124305804,3.4090664711632455,9.99247311827957,906.6959677419355,902.6306451612903
2019-05,LEON,437.22,4.8,3.5,Duplex,12.498463901689709,4.633865059671511,20.360596124305804,3.4090664711632455,9.99247311827957,906.6959677419355,902.6306451612903
2019-05,LEON,600.0,3.5,4.8,Casa Unifamiliar,12.498463901689709,4.633865059671511,20.360596124305804,3.4090664711632455,9.99247311827957,906.6959677419355,902.6306451612903
2019-06,LEON,223.23,3.9,4.7,Piso,15.344285714285714,8.397380952380953,22.285,3.2807828282828284,8.53111111111111,905.7208333333333,901.5833333333334
2019-06,LEON,400.0,3.2,5.2,Adosado,15.344285714285714,8.397380952380953,22.285,3.2807828282828284,8.53111111111111,905.7208333333333,901.5833333333334
2019-06,LEON,364.4,3.4,6.3,Duplex,15.344285714285714,8.397380952380953,22.285,3.2807828282828284,8.53111111111111,905.7208333333333,901.5833333333334
2019-06,LEON,486.72,2.9,5.2,Casa Unifamiliar,15.344285714285714,8.397380952380953,22.285,3.2807828282828284,8.53111111111111,905.7208333333333,901.5833333333334
2019-07,LEON,219.59,4.3,5.2,Piso,19.81077632045374,12.07736322816968,27.547689944464135,2.867497556207234,10.705376344086021,906.7451612903226,903.1857526881721
2019-07,LEON,349.96,3.2,4.3,Adosado,19.81077632045374,12.07736322816968,27.547689944464135,2.867497556207234,10.705376344086021,906.7451612903226,903.1857526881721
2019-07,LEON,361.46,2.2,5.1,Duplex,19.81077632045374,12.07736322816968,27.547689944464135,2.867497556207234,10.705376344086021,906.7451612903226,903.1857526881721
2019-07,LEON,472.45,2.9,6.5,Casa Unifamiliar,19.81077632045374,12.07736322816968,27.547689944464135,2.867497556207234,10.705376344086021,906.7451612903226,903.1857526881721
2019-08,LEON,203.84,3.0,4.8,Piso,18.896313364055302,11.106451612903227,26.68341013824885,2.866129032258064,9.806451612903226,907.9830645161289,904.7524193548387
2019-08,LEON,393.48,3.5,4.8,Adosado,18.896313364055302,11.106451612903227,26.68341013824885,2.866129032258064,9.806451612903226,907.9830645161289,904.7524193548387
2019-08,LEON,319.36,2.7,6.6,Duplex,18.896313364055302,11.106451612903227,26.68341013824885,2.866129032258064,9.806451612903226,907.9830645161289,904.7524193548387
2019-08,LEON,481.04,3.0,5.1,Casa Unifamiliar,18.896313364055302,11.106451612903227,26.68341013824885,2.866129032258064,9.806451612903226,907.9830645161289,904.7524193548387
2019-09,LEON,284.67,2.1,3.4,Piso,15.94617216117216,8.639688644688645,23.25434065934066,2.7942676767676766,8.444444444444445,909.7574999999999,906.0916666666667
2019-09,LEON,400.0,4.0,3.7,Adosado,15.94617216117216,8.639688644688645,23.25434065934066,2.7942676767676766,8.444444444444445,909.7574999999999,906.0916666666667
2019-09,LEON,450.0,4.2,6.6,Duplex,15.94617216117216,8.639688644688645,23.25434065934066,2.7942676767676766,8.444444444444445,909.7574999999999,906.0916666666667
2019-09,LEON,570.5,2.2,3.6,Casa Unifamiliar,15.94617216117216,8.639688644688645,23.25434065934066,2.7942676767676766,8.444444444444445,909.7574999999999,906.0916666666667
2019-10,LEON,295.18,2.2,4.5,Piso,12.357816377171217,6.769747725392887,17.94991728701406,2.492155425219942,5.48494623655914,906.8701612903226,902.6072580645161
2019-10,LEON,400.0,3.0,4.6,Adosado,12.357816377171217,6.769747725392887,17.94991728701406,2.492155425219942,5.48494623655914,906.8701612903226,902.6072580645161
2019-10,LEON,450.0,3.9,3.9,Duplex,12.357816377171217,6.769747725392887,17.94991728701406,2.492155425219942,5.48494623655914,906.8701612903226,902.6072580645161
2019-10,LEON,597.89,3.7,5.8,Casa Unifamiliar,12.357816377171217,6.769747725392887,17.94991728701406,2.492155425219942,5.48494623655914,906.8701612903226,902.6072580645161
2019-11,LEON,238.27,3.3,5.1,Piso,6.260709845709846,3.0248204573204576,9.492689810189809,3.553969696969697,2.5266666666666664,904.2658333333333,897.0022222222221
2019-11,LEON,356.34,2.1,4.7,Adosado,6.260709845709846,3.0248204573204576,9.492689810189809,3.553969696969697,2.5266666666666664,904.2658333333333,897.0022222222221
2019-11,LEON,369.87,3.9,6.5,Duplex,6.260709845709846,3.0248204573204576,9.492689810189809,3.553969696969697,2.5266666666666664,904.2658333333333,897.0022222222221
2019-11,LEON,600.0,3.1,3.4,Casa Unifamiliar,6.260709845709846,3.0248204573204576,9.492689810189809,3.553969696969697,2.5266666666666664,904.2658333333333,897.0022222222221
2019-12,LEON,268.26,2.5,5.0,Piso,5.547926267281106,1.0601914214817443,10.036760014179368,2.7198680351906157,2.9311827956989247,909.2637096774193,903.0032258064516
2019-12,LEON,378.81,4.3,5.1,Adosado,5.547926267281106,1.0601914214817443,10.036760014179368,2.7198680351906157,2.9311827956989247,909.2637096774193,903.0032258064516
2019-12,LEON,450.0,3.6,5.5,Duplex,5.547926267281106,1.0601914214817443,10.036760014179368,2.7198680351906157,2.9311827956989247,909.2637096774193,903.0032258064516
2019-12,LEON,600.0,4.9,5.8,Casa Unifamiliar,5.547926267281106,1.0601914214817443,10.036760014179368,2.7198680351906157,2.9311827956989247,909.2637096774193,903.0032258064516
2020-01,LEON,261.76,4.5,5.4,Piso,4.15265863169089,-0.21410847217298826,8.51875221552641,2.44911045943304,3.370967741935484,913.0233870967742,908.2911290322581
2020-01,LEON,324.17,2.6,3.8,Adosado,4.15265863169089,-0.21410847217298826,8.51875221552641,2.44911045943304,3.370967741935484,913.0233870967742,908.2911290322581
2020-01,LEON,450.0,4.5,4.5,Duplex,4.15265863169089,-0.21410847217298826,8.51875221552641,2.44911045943304,3.370967741935484,913.0233870967742,908.2911290322581
2020-01,LEON,555.53,3.0,6.3,Casa Unifamiliar,4.15265863169089,-0.21410847217298826,8.51875221552641,2.44911045943304,3.370967741935484,913.0233870967742,908.2911290322581
2020-02,LEON,212.01,3.6,4.0,Piso,7.775767336112164,1.6999810534293291,13.826771504357712,2.616901776384535,6.373563218390805,913.7836206896551,909.0939655172414
2020-02,LEON,373.07,2.5,5.9,Adosado,7.775767336112164,1.6999810534293291,13.826771504357712,2.616901776384535,6.373563218390805,913.7836206896551,909.0939655172414
2020-02,LEON,391.72,3.1,4.1,Duplex,7.775767336112164,1.6999810534293291,13.826771504357712,2.616901776384535,6.373563218390805,913.7836206896551,909.0939655172414
2020-02,LEON,600.0,2.9,5.6,Casa Unifamiliar,7.775767336112164,1.6999810534293291,13.826771504357712,2.616901776384535,6.373563218390805,913.7836206896551,909.0939655172414
2020-03,LEON,195.7,2.3,3.7,Piso,7.993778801843318,1.7117511520737327,14.28179723502304,3.5139296187683287,7.174193548387097,906.6266129032258,900.9016129032258
2020-03,LEON,400.0,2.2,5.1,Adosado,7.993778801843318,1.7117511520737327,14.28179723502304,3.5139296187683287,7.174193548387097,906.6266129032258,900.9016129032258
2020-03,LEON,381.95,2.2,4.5,Duplex,7.993778801843318,1.7117511520737327,14.28179723502304,3.5139296187683287,7.174193548387097,906.6266129032258,900.9016129032258
2020-03,LEON,572.68,3.4,4.7,Casa Unifamiliar,7.993778801843318,1.7117511520737327,14.28179723502304,3.5139296187683287,7.174193548387097,906.6266129032258,900.9016129032258
2020-04,LEON,300.0,3.9,4.7,Piso,10.493076923076924,5.862124542124542,15.122252747252748,2.793409090909091,4.739999999999999,903.5627777777777,899.5172222222222
2020-04,LEON,353.28,4.0,4.1,Adosado,10.493076923076924,5.862124542124542,15.122252747252748,2.793409090909091,4.739999999999999,903.5627777777777,899.5172222222222
2020-04,LEON,406.53,2.6,5.5,Duplex,10.493076923076924,5.862124542124542,15.122252747252748,2.793409090909091,4.739999999999999,903.5627777777777,899.5172222222222
2020-04,LEON,600.0,3.7,4.5,Casa Unifamiliar,10.493076923076924,5.862124542124542,15.122252747252748,2.793409090909091,4.739999999999999,903.5627777777777,899.5172222222222
2020-05,LEON,300.0,3.8,4.9,Piso,15.272403403048564,8.270825948245303,22.27054236086494,2.615322580645161,9.05483870967742,907.3499999999999,903.2266129032258
2020-05,LEON,312.61,3.1,6.2,Adosado,15.272403403048564,8.270825948245303,22.27054236086494,2.615322580645161,9.05483870967742,907.3499999999999,903.2266129032258
2020-05,LEON,450.0,3.6,3.5,Duplex,15.272403403048564,8.270825948245303,22.27054236086494,2.615322580645161,9.05483870967742,907.3499999999999,903.2266129032258
2020-05,LEON,568.07,3.9,6.2,Casa Unifamiliar,15.272403403048564,8.270825948245303,22.27054236086494,2.615322580645161,9.05483870967742,907.3499999999999,903.2266129032258
2020-06,LEON,186.13,2.6,6.1,Piso,15.39452380952381,8.590821123321124,22.197985347985348,3.2541414141414142,8.692222222222222,906.7963888888888,902.4208333333333
2020-06,LEON,368.0,4.8,3.8,Adosado,15.39452380952381,8.590821123321124,22.197985347985348,3.2541414141414142,8.692222222222222,906.7963888888888,902.4208333333333
2020-06,LEON,383.01,3.8,3.4,Duplex,15.39452380952381,8.590821123321124,22.197985347985348,3.2541414141414142,8.692222222222222,906.7963888888888,902.4208333333333
2020-06,LEON,598.94,2.8,5.3,Casa Unifamiliar,15.39452380952381,8.590821123321124,22.197985347985348,3.2541414141414142,8.692222222222222,906.7963888888888,902.4208333333333
2020-07,LEON,168.78,2.4,4.4,Piso,21.260826001955035,12.389882697947215,30.133015640273705,2.740322580645161,12.698387096774193,936.3435483870968,932.5177419354839
2020-07,LEON,259.46,3.0,3.4,Adosado,21.260826001955035,12.389882697947215,30.133015640273705,2.740322580645161,12.698387096774193,936.3435483870968,932.5177419354839
2020-07,LEON,412.39,4.7,4.8,Duplex,21.260826001955035,12.389882697947215,30.133015640273705,2.740322580645161,12.698387096774193,936.3435483870968,932.5177419354839
2020-07,LEON,458.94,3.9,5.4,Casa Unifamiliar,21.260826001955035,12.389882697947215,30.133015640273705,2.740322580645161,12.698387096774193,936.3435483870968,932.5177419354839
2020-08,LEON,300.0,3.3,4.4,Piso,18.744086021505375,11.376686217008798,26.11473607038123,2.7193189964157707,9.793548387096775,935.2209677419354,931.1129032258065
2020-08,LEON,280.8,3.7,3.3,Adosado,18.744086021505375,11.376686217008798,26.11473607038123,2.7193189964157707,9.793548387096775,935.2209677419354,931.1129032258065
2020-08,LEON,449.21,2.2,5.5,Duplex,18.744086021505375,11.376686217008798,26.11473607038123,2.7193189964157707,9.793548387096775,935.2209677419354,931.1129032258065
2020-08,LEON,519.86,2.9,6.2,Casa Unifamiliar,18.744086021505375,11.376686217008798,26.11473607038123,2.7193189964157707,9.793548387096775,935.2209677419354,931.1129032258065
2020-09,LEON,297.64,4.4,5.1,Piso,16.433888888888887,9.176944444444445,23.6925,2.341,9.058333333333334,936.815,932.6933333333333
2020-09,LEON,391.53,4.3,5.1,Adosado,16.433888888888887,9.176944444444445,23.6925,2.341,9.058333333333334,936.815,932.6933333333333
2020-09,LEON,450.0,2.7,4.6,Duplex,16.433888888888887,9.176944444444445,23.6925,2.341,9.058333333333334,936.815,932.6933333333333
2020-09,LEON,600.0,2.4,3.4,Casa Unifamiliar,16.433888888888887,9.176944444444445,23.6925,2.341,9.058333333333334,936.815,932.6933333333333
2020-10,LEON,230.37,4.9,5.2,Piso,10.371856369437014,4.955397022332506,15.796691749111105,2.9413000977517108,5.885483870967741,926.1900537634408,920.4908602150538
2020-10,LEON,400.0,2.9,3.4,Adosado,10.371856369437014,4.955397022332506,15.796691749111105,2.9413000977517108,5.885483870967741,926.1900537634408,920.4908602150538
2020-10,LEON,404.37,3.6,4.9,Duplex,10.371856369437014,4.955397022332506,15.796691749111105,2.9413000977517108,5.885483870967741,926.1900537634408,920.4908602150538
2020-10,LEON,600.0,3.1,5.4,Casa Unifamiliar,10.371856369437014,4.955397022332506,15.796691749111105,2.9413000977517108,5.885483870967741,926.1900537634408,920.4908602150538
2020-11,LEON,225.05,4.9,3.9,Piso,8.610238095238095,3.8146336996337,13.408315018315019,2.19149494949495,4.2844444444444445,910.5808333333333,905.9074999999999
2020-11,LEON,375.06,3.4,6.5,Adosado,8.610238095238095,3.8146336996337,13.408315018315019,2.19149494949495,4.2844444444444445,910.5808333333333,905.9074999999999
2020-11,LEON,431.27,4.2,4.2,Duplex,8.610238095238095,3.8146336996337,13.408315018315019,2.19149494949495,4.2844444444444445,910.5808333333333,905.9074999999999
2020-11,LEON,572.8,4.3,3.9,Casa Unifamiliar,8.610238095238095,3.8146336996337,13.408315018315019,2.19149494949495,4.2844444444444445,910.5808333333333,905.9074999999999
2020-12,LEON,268.24,4.6,4.1,Piso,3.9253456221198157,0.3112903225806451,7.541935483870968,3.2967302052785925,2.2473118279569895,904.4935483870968,897.6604838709677
2020-12,LEON,303.15,3.1,5.2,Adosado,3.9253456221198157,0.3112903225806451,7.541935483870968,3.2967302052785925,2.2473118279569895,904.4935483870968,897.6604838709677
2020-12,LEON,399.8,3.4,4.4,Duplex,3.9253456221198157,0.3112903225806451,7.541935483870968,3.2967302052785925,2.2473118279569895,904.4935483870968,897.6604838709677
2020-12,LEON,530.4,3.8,4.0,Casa Unifamiliar,3.9253456221198157,0.3112903225806451,7.541935483870968,3.2967302052785925,2.2473118279569895,904.4935483870968,897.6604838709677
2021-01,LEON,200.2,4.9,6.0,Piso,2.6192307692307693,-2.072899680964197,7.313541297412265,2.9826735092864127,3.966666666666667,905.8435483870968,900.3629032258065
2021-01,LEON,330.36,3.4,5.4,Adosado,2.6192307692307693,-2.072899680964197,7.313541297412265,2.9826735092864127,3.966666666666667,905.8435483870968,900.3629032258065
2021-01,LEON,450.0,3.8,6.4,Duplex,2.6192307692307693,-2.072899680964197,7.313541297412265,2.9826735092864127,3.966666666666667,905.8435483870968,900.3629032258065
2021-01,LEON,553.37,3.9,3.4,Casa Unifamiliar,2.6192307692307693,-2.072899680964197,7.313541297412265,2.9826735092864127,3.966666666666667,905.8435483870968,900.3629032258065
2021-02,LEON,300.0,4.2,3.4,Piso,6.18209706959707,2.045581501831502,10.311698717948717,3.095573593073593,3.6166666666666667,905.49375,899.4187499999999
2021-02,LEON,365.35,2.3,5.0,Adosado,6.18209706959707,2.045581501831502,10.311698717948717,3.095573593073593,3.6166666666666667,905.49375,899.4187499999999
2021-02,LEON,403.76,2.6,5.2,Duplex,6.18209706959707,2.045581501831502,10.311698717948717,3.095573593073593,3.6166666666666667,905.49375,899.4187499999999
2021-02,LEON,600.0,2.4,5.1,Casa Unifamiliar,6.18209706959707,2.045581501831502,10.311698717948717,3.095573593073593,3.6166666666666667,905.49375,899.4187499999999
2021-03,LEON,209.14,4.3,5.6,Piso,7.386352357320099,0.7672456575682383,14.002729528535978,2.9023460410557185,7.7924731182795695,911.0209677419356,906.9822580645161
2021-03,LEON,400.0,3.5,5.6,Adosado,7.386352357320099,0.7672456575682383,14.002729528535978,2.9023460410557185,7.7924731182795695,911.0209677419356,906.9822580645161
2021-03,LEON,436.36,2.5,4.0,Duplex,7.386352357320099,0.7672456575682383,14.002729528535978,2.9023460410557185,7.7924731182795695,911.0209677419356,906.9822580645161
2021-03,LEON,467.61,2.7,3.7,Casa Unifamiliar,7.386352357320099,0.7672456575682383,14.002729528535978,2.9023460410557185,7.7924731182795695,911.0209677419356,906.9822580645161
2021-04,LEON,218.58,3.3,4.2,Piso,9.504209401709401,3.3736752136752135,15.639081196581197,2.5028282828282826,6.493333333333334,904.5891666666666,900.925
2021-04,LEON,356.51,4.6,4.6,Adosado,9.504209401709401,3.3736752136752135,15.639081196581197,2.5028282828282826,6.493333333333334,904.5891666666666,900.925
2021-04,LEON,450.0,3.0,5.4,Duplex,9.504209401709401,3.3736752136752135,15.639081196581197,2.5028282828282826,6.493333333333334,904.5891666666666,900.925
2021-04,LEON,600.0,4.0,3.4,Casa Unifamiliar,9.504209401709401,3.3736752136752135,15.639081196581197,2.5028282828282826,6.493333333333334,904.5891666666666,900.925
2021-05,LEON,260.07,4.3,4.3,Piso,11.930449657869014,5.419847356944131,18.447477253928863,3.52475073313783,8.456989247311828,906.8806451612903,902.2104838709678
2021-05,LEON,308.16,4.1,4.4,Adosado,11.930449657869014,5.419847356944131,18.447477253928863,3.52475073313783,8.456989247311828,906.8806451612903,902.2104838709678
2021-05,LEON,399.08,2.3,6.1,Duplex,11.930449657869014,5.419847356944131,18.447477253928863,3.52475073313783,8.456989247311828,906.8806451612903,902.2104838709678
2021-05,LEON,600.0,3.4,5.8,Casa Unifamiliar,11.930449657869014,5.419847356944131,18.447477253928863,3.52475073313783,8.456989247311828,906.8806451612903,902.2104838709678
2021-06,LEON,200.03,3.7,4.3,Piso,15.859047619047619,8.959761904761905,22.755238095238095,2.9969949494949493,9.110000000000001,907.7733333333333,903.8458333333333
2021-06,LEON,359.67,4.0,5.1,Adosado,15.859047619047619,8.959761904761905,22.755238095238095,2.9969949494949493,9.110000000000001,907.7733333333333,903.8458333333333
2021-06,LEON,351.31,4.8,3.3,Duplex,15.859047619047619,8.959761904761905,22.755238095238095,2.9969949494949493,9.110000000000001,907.7733333333333,903.8458333333333
2021-06,LEON,552.68,3.3,3.7,Casa Unifamiliar,15.859047619047619,8.959761904761905,22.755238095238095,2.9969949494949493,9.110000000000001,907.7733333333333,903.8458333333333
2021-07,LEON,292.54,2.8,4.8,Piso,17.92096774193548,10.103456221198156,25.739400921658987,2.9798387096774195,10.976344086021506,907.5266129032258,904.2145161290323
2021-07,LEON,400.0,4.8,4.0,Adosado,17.92096774193548,10.103456221198156,25.739400921658987,2.9798387096774195,10.976344086021506,907.5266129032258,904.2145161290323
2021-07,LEON,446.55,3.4,6.2,Duplex,17.92096774193548,10.103456221198156,25.739400921658987,2.9798387096774195,10.976344086021506,907.5266129032258,904.2145161290323
2021-07,LEON,509.9,2.1,5.3,Casa Unifamiliar,17.92096774193548,10.103456221198156,25.739400921658987,2.9798387096774195,10.976344086021506,907.5266129032258,904.2145161290323
2021-08,LEON,281.23,4.2,6.1,Piso,19.0073732718894,10.390322580645162,27.623963133640554,2.666666666666667,11.175268817204302,907.7395161290323,904.2725806451613
2021-08,LEON,366.91,5.0,5.2,Adosado,19.0073732718894,10.390322580645162,27.623963133640554,2.666666666666667,11.175268817204302,907.7395161290323,904.2725806451613
2021-08,LEON,449.97,2.5,4.9,Duplex,19.0073732718894,10.390322580645162,27.623963133640554,2.666666666666667,11.175268817204302,907.7395161290323,904.2725806451613
2021-08,LEON,556.93,3.3,5.1,Casa Unifamiliar,19.0073732718894,10.390322580645162,27.623963133640554,2.666666666666667,11.175268817204302,907.7395161290323,904.2725806451613
2021-09,LEON,300.0,3.9,3.6,Piso,15.70639194139194,9.75062271062271,21.651996336996337,2.3052272727272727,6.4,908.4066666666666,905.0224999999999
2021-09,LEON,400.0,4.4,4.2,Adosado,15.70639194139194,9.75062271062271,21.651996336996337,2.3052272727272727,6.4,908.4066666666666,905.0224999999999
2021-09,LEON,414.79,3.8,4.6,Duplex,15.70639194139194,9.75062271062271,21.651996336996337,2.3052272727272727,6.4,908.4066666666666,905.0224999999999
2021-09,LEON,600.0,2.0,4.0,Casa Unifamiliar,15.70639194139194,9.75062271062271,21.651996336996337,2.3052272727272727,6.4,908.4066666666666,905.0224999999999
2021-10,LEON,300.0,2.3,4.2,Piso,12.110829493087559,5.199078341013825,19.02811059907834,2.1789589442815247,6.698924731182795,908.8798387096774,904.4766129032258
2021-10,LEON,398.41,2.3,6.3,Adosado,12.110829493087559,5.199078341013825,19.02811059907834,2.1789589442815247,6.698924731182795,908.8798387096774,904.4766129032258
2021-10,LEON,450.0,3.9,6.4,Duplex,12.110829493087559,5.199078341013825,19.02811059907834,2.1789589442815247,6.698924731182795,908.8798387096774,904.4766129032258
2021-10,LEON,600.0,2.7,5.4,Casa Unifamiliar,12.110829493087559,5.199078341013825,19.02811059907834,2.1789589442815247,6.698924731182795,908.8798387096774,904.4766129032258
2021-11,LEON,207.72,3.2,5.2,Piso,5.786300366300367,0.21630036630036628,11.357014652014652,2.7068383838383836,5.052222222222222,907.605,903.5324999999999
2021-11,LEON,347.32,3.0,6.5,Adosado,5.786300366300367,0.21630036630036628,11.357014652014652,2.7068383838383836,5.052222222222222,907.605,903.5324999999999
2021-11,LEON,348.76,2.8,5.2,Duplex,5.786300366300367,0.21630036630036628,11.357014652014652,2.7068383838383836,5.052222222222222,907.605,903.5324999999999
2021-11,LEON,574.12,4.5,4.6,Casa Unifamiliar,5.786300366300367,0.21630036630036628,11.357014652014652,2.7068383838383836,5.052222222222222,907.605,903.5324999999999
2021-12,LEON,300.0,2.2,6.2,Piso,6.181885856079405,1.9288904643743354,10.433959588798299,2.7560508308895404,3.1301075268817202,908.8258064516128,904.2217741935484
2021-12,LEON,330.71,3.9,5.6,Adosado,6.181885856079405,1.9288904643743354,10.433959588798299,2.7560508308895404,3.1301075268817202,908.8258064516128,904.2217741935484
2021-12,LEON,394.13,2.8,4.3,Duplex,6.181885856079405,1.9288904643743354,10.433959588798299,2.7560508308895404,3.1301075268817202,908.8258064516128,904.2217741935484
2021-12,LEON,518.13,3.2,4.8,Casa Unifamiliar,6.181885856079405,1.9288904643743354,10.433959588798299,2.7560508308895404,3.1301075268817202,908.8258064516128,904.2217741935484
2022-01,LEON,270.36,3.0,6.3,Piso,3.988231123714995,-2.4694611839773133,10.460315490960651,1.9908015640273706,6.19247311827957,915.0451612903227,910.9749999999999
2022-01,LEON,400.0,3.8,3.9,Adosado,3.988231123714995,-2.4694611839773133,10.460315490960651,1.9908015640273706,6.19247311827957,915.0451612903227,910.9749999999999
2022-01,LEON,360.85,4.9,6.1,Duplex,3.988231123714995,-2.4694611839773133,10.460315490960651,1.9908015640273706,6.19247311827957,915.0451612903227,910.9749999999999
2022-01,LEON,600.0,2.7,3.5,Casa Unifamiliar,3.988231123714995,-2.4694611839773133,10.460315490960651,1.9908015640273706,6.19247311827957,915.0451612903227,910.9749999999999
2022-02,LEON,172.9,4.7,6.0,Piso,5.956122448979592,-1.0966836734693877,13.020074568288853,2.2501623376623376,6.728571428571429,913.7473214285714,909.1892857142857
2022-02,LEON,319.05,4.9,3.9,Adosado,5.956122448979592,-1.0966836734693877,13.020074568288853,2.2501623376623376,6.728571428571429,913.7473214285714,909.1892857142857
2022-02,LEON,442.08,3.4,4.0,Duplex,5.956122448979592,-1.0966836734693877,13.020074568288853,2.2501623376623376,6.728571428571429,913.7473214285714,909.1892857142857
2022-02,LEON,559.28,3.7,5.5,Casa Unifamiliar,5.956122448979592,-1.0966836734693877,13.020074568288853,2.2501623376623376,6.728571428571429,913.7473214285714,909.1892857142857
2022-03,LEON,226.51,4.0,5.8,Piso,6.742857142857143,2.240552995391705,11.244239631336406,3.0206989247311826,3.832258064516129,905.9685483870968,901.4298387096775
2022-03,LEON,327.92,2.1,4.4,Adosado,6.742857142857143,2.240552995391705,11.244239631336406,3.0206989247311826,3.832258064516129,905.9685483870968,901.4298387096775
2022-03,LEON,447.65,4.0,5.2,Duplex,6.742857142857143,2.240552995391705,11.244239631336406,3.0206989247311826,3.832258064516129,905.9685483870968,901.4298387096775
2022-03,LEON,600.0,4.3,3.6,Casa Unifamiliar,6.742857142857143,2.240552995391705,11.244239631336406,3.0206989247311826,3.832258064516129,905.9685483870968,901.4298387096775
2022-04,LEON,191.24,2.8,3.3,Piso,8.32992673992674,1.6637179487179488,14.99445054945055,3.3462626262626265,7.733333333333333,904.6533333333333,899.5783333333333
2022-04,LEON,354.96,4.3,5.2,Adosado,8.32992673992674,1.6637179487179488,14.99445054945055,3.3462626262626265,7.733333333333333,904.6533333333333,899.5783333333333
2022-04,LEON,434.74,3.0,3.7,Duplex,8.32992673992674,1.6637179487179488,14.99445054945055,3.3462626262626265,7.733333333333333,904.6533333333333,899.5783333333333
2022-04,LEON,522.73,2.3,3.7,Casa Unifamiliar,8.32992673992674,1.6637179487179488,14.99445054945055,3.3462626262626265,7.733333333333333,904.6533333333333,899.5783333333333
2022-05,LEON,236.6,3.8,5.7,Piso,15.04399149237859,7.253367600141793,22.83303792981212,2.962414467253177,9.118279569892474,908.0830645161291,903.9201612903227
2022-05,LEON,400.0,3.9,5.2,Adosado,15.04399149237859,7.253367600141793,22.83303792981212,2.962414467253177,9.118279569892474,908.0830645161291,903.9201612903227
2022-05,LEON,450.0,3.1,5.3,Duplex,15.04399149237859,7.253367600141793,22.83303792981212,2.962414467253177,9.118279569892474,908.0830645161291,903.9201612903227
2022-05,LEON,574.62,5.0,5.5,Casa Unifamiliar,15.04399149237859,7.253367600141793,22.83303792981212,2.962414467253177,9.118279569892474,908.0830645161291,903.9201612903227
2022-06,LEON,299.58,2.8,4.6,Piso,17.369684759684763,10.3292118992119,24.41076701076701,2.937811447811448,8.921111111111111,919.9080555555555,916.0219444444444
2022-06,LEON,339.05,3.6,3.8,Adosado,17.369684759684763,10.3292118992119,24.41076701076701,2.937811447811448,8.921111111111111,919.9080555555555,916.0219444444444
2022-06,LEON,396.42,2.7,4.6,Duplex,17.369684759684763,10.3292118992119,24.41076701076701,2.937811447811448,8.921111111111111,919.9080555555555,916.0219444444444
2022-06,LEON,570.9,4.4,4.8,Casa Unifamiliar,17.369684759684763,10.3292118992119,24.41076701076701,2.937811447811448,8.921111111111111,919.9080555555555,916.0219444444444
2022-07,LEON,173.62,3.6,4.9,Piso,21.947913376945635,12.566666666666666,31.32867132867133,2.766565656565657,12.179569892473118,928.4376344086021,924.4064516129032
2022-07,LEON,288.16,4.8,3.8,Adosado,21.947913376945635,12.566666666666666,31.32867132867133,2.766565656565657,12.179569892473118,928.4376344086021,924.4064516129032
2022-07,LEON,399.27,2.8,5.4,Duplex,21.947913376945635,12.566666666666666,31.32867132867133,2.766565656565657,12.179569892473118,928.4376344086021,924.4064516129032
2022-07,LEON,580.34,4.5,4.3,Casa Unifamiliar,21.947913376945635,12.566666666666666,31.32867132867133,2.766565656565657,12.179569892473118,928.4376344086021,924.4064516129032
2022-08,LEON,217.28,2.7,5.8,Piso,21.562200165425974,13.157919768403639,29.97156741108354,2.7462463343108503,10.481182795698926,924.3489247311828,920.3516129032258
2022-08,LEON,377.16,4.1,4.5,Adosado,21.562200165425974,13.157919768403639,29.97156741108354,2.7462463343108503,10.481182795698926,924.3489247311828,920.3516129032258
2022-08,LEON,440.1,3.2,4.3,Duplex,21.562200165425974,13.157919768403639,29.97156741108354,2.7462463343108503,10.481182795698926,924.3489247311828,920.3516129032258
2022-08,LEON,600.0,2.4,4.9,Casa Unifamiliar,21.562200165425974,13.157919768403639,29.97156741108354,2.7462463343108503,10.481182795698926,924.3489247311828,920.3516129032258
2022-09,LEON,180.47,3.4,5.4,Piso,16.03229020979021,9.184646464646466,22.880128205128205,2.598969696969697,7.733333333333333,923.6633333333334,920.0644444444445
2022-09,LEON,384.06,4.3,5.9,Adosado,16.03229020979021,9.184646464646466,22.880128205128205,2.598969696969697,7.733333333333333,923.6633333333334,920.0644444444445
2022-09,LEON,418.23,2.0,3.6,Duplex,16.03229020979021,9.184646464646466,22.880128205128205,2.598969696969697,7.733333333333333,923.6633333333334,920.0644444444445
2022-09,LEON,600.0,3.8,5.9,Casa Unifamiliar,16.03229020979021,9.184646464646466,22.880128205128205,2.598969696969697,7.733333333333333,923.6633333333334,920.0644444444445
2022-10,LEON,300.0,4.6,3.3,Piso,14.256662155049252,8.442758854049178,20.073266786976465,2.708000977517106,5.189784946236559,926.8655913978495,922.3258064516128
2022-10,LEON,301.78,4.3,5.0,Adosado,14.256662155049252,8.442758854049178,20.073266786976465,2.708000977517106,5.189784946236559,926.8655913978495,922.3258064516128
2022-10,LEON,450.0,5.0,3.7,Duplex,14.256662155049252,8.442758854049178,20.073266786976465,2.708000977517106,5.189784946236559,926.8655913978495,922.3258064516128
2022-10,LEON,578.5,4.8,5.9,Casa Unifamiliar,14.256662155049252,8.442758854049178,20.073266786976465,2.708000977517106,5.189784946236559,926.8655913978495,922.3258064516128
2022-11,LEON,251.88,3.4,5.5,Piso,7.712887667887668,3.047619047619048,12.38256105006105,2.4327474747474747,4.135,924.2102777777778,918.9530555555556
2022-11,LEON,306.92,4.5,4.1,Adosado,7.712887667887668,3.047619047619048,12.38256105006105,2.4327474747474747,4.135,924.2102777777778,918.9530555555556
2022-11,LEON,450.0,3.1,4.3,Duplex,7.712887667887668,3.047619047619048,12.38256105006105,2.4327474747474747,4.135,924.2102777777778,918.9530555555556
2022-11,LEON,511.38,3.8,3.8,Casa Unifamiliar,7.712887667887668,3.047619047619048,12.38256105006105,2.4327474747474747,4.135,924.2102777777778,918.9530555555556
2022-12,LEON,243.58,2.0,5.4,Piso,6.585994919059435,3.571895308992083,9.599333193688032,2.4526115998696647,1.4483870967741934,901.7467741935484,896.4142473118279
2022-12,LEON,391.38,3.9,3.6,Adosado,6.585994919059435,3.571895308992083,9.599333193688032,2.4526115998696647,1.4483870967741934,901.7467741935484,896.4142473118279
2022-12,LEON,450.0,3.1,3.8,Duplex,6.585994919059435,3.571895308992083,9.599333193688032,2.4526115998696647,1.4483870967741934,901.7467741935484,896.4142473118279
2022-12,LEON,600.0,3.4,6.3,Casa Unifamiliar,6.585994919059435,3.571895308992083,9.599333193688032,2.4526115998696647,1.4483870967741934,901.7467741935484,896.4142473118279
2023-01,LEON,250.99,3.0,3.4,Piso,3.417003426680846,-1.1977431170979558,8.03362282878412,2.6520430107526884,4.78494623655914,926.1,920.1946236559139
2023-01,LEON,372.74,4.5,4.9,Adosado,3.417003426680846,-1.1977431170979558,8.03362282878412,2.6520430107526884,4.78494623655914,926.1,920.1946236559139
2023-01,LEON,450.0,4.8,4.0,Duplex,3.417003426680846,-1.1977431170979558,8.03362282878412,2.6520430107526884,4.78494623655914,926.1,920.1946236559139
2023-01,LEON,540.75,2.8,3.9,Casa Unifamiliar,3.417003426680846,-1.1977431170979558,8.03362282878412,2.6520430107526884,4.78494623655914,926.1,920.1946236559139
2023-02,LEON,267.89,4.1,3.4,Piso,4.282653061224489,-2.5693877551020408,11.12611852433281,1.9896482683982684,7.179761904761905,912.6491071428571,908.4880952380953
2023-02,LEON,333.83,3.9,5.8,Adosado,4.282653061224489,-2.5693877551020408,11.12611852433281,1.9896482683982684,7.179761904761905,912.6491071428571,908.4880952380953
2023-02,LEON,408.87,3.2,6.6,Duplex,4.282653061224489,-2.5693877551020408,11.12611852433281,1.9896482683982684,7.179761904761905,912.6491071428571,908.4880952380953
2023-02,LEON,495.88,3.1,5.2,Casa Unifamiliar,4.282653061224489,-2.5693877551020408,11.12611852433281,1.9896482683982684,7.179761904761905,912.6491071428571,908.4880952380953
2023-03,LEON,300.0,3.4,5.5,Piso,8.683758714403876,2.483167907361456,14.885129386742289,3.3977093515803194,6.974731182795699,923.6486559139785,918.6849462365592
2023-03,LEON,400.0,4.6,5.0,Adosado,8.683758714403876,2.483167907361456,14.885129386742289,3.3977093515803194,6.974731182795699,923.6486559139785,918.6849462365592
2023-03,LEON,450.0,4.9,5.3,Duplex,8.683758714403876,2.483167907361456,14.885129386742289,3.3977093515803194,6.974731182795699,923.6486559139785,918.6849462365592
2023-03,LEON,591.03,4.8,6.4,Casa Unifamiliar,8.683758714403876,2.483167907361456,14.885129386742289,3.3977093515803194,6.974731182795699,923.6486559139785,918.6849462365592
2023-04,LEON,300.0,3.3,3.3,Piso,11.977177544677545,3.9171386946386946,20.03704933954934,3.110909090909091,9.078888888888889,924.7922222222222,920.3933333333333
2023-04,LEON,400.0,2.7,3.7,Adosado,11.977177544677545,3.9171386946386946,20.03704933954934,3.110909090909091,9.078888888888889,924.7922222222222,920.3933333333333
2023-04,LEON,357.24,4.0,3.4,Duplex,11.977177544677545,3.9171386946386946,20.03704933954934,3.110909090909091,9.078888888888889,924.7922222222222,920.3933333333333
2023-04,LEON,593.67,4.8,6.6,Casa Unifamiliar,11.977177544677545,3.9171386946386946,20.03704933954934,3.110909090909091,9.078888888888889,924.7922222222222,920.3933333333333
2023-05,LEON,300.0,2.4,5.6,Piso,13.104391307617114,5.84598090081961,20.363934882321978,3.3534897360703813,9.984408602150538,925.7462365591398,922.0591397849462
2023-05,LEON,356.43,3.9,4.4,Adosado,13.104391307617114,5.84598090081961,20.363934882321978,3.3534897360703813,9.984408602150538,925.7462365591398,922.0591397849462
2023-05,LEON,347.59,3.6,6.0,Duplex,13.104391307617114,5.84598090081961,20.363934882321978,3.3534897360703813,9.984408602150538,925.7462365591398,922.0591397849462
2023-05,LEON,566.26,3.5,4.9,Casa Unifamiliar,13.104391307617114,5.84598090081961,20.363934882321978,3.3534897360703813,9.984408602150538,925.7462365591398,922.0591397849462
2023-06,LEON,266.94,2.1,4.8,Piso,17.914188034188033,11.412775835275834,24.41800310800311,2.441845117845118,8.802222222222222,922.2444444444444,918.5630555555556
2023-06,LEON,400.0,4.5,5.3,Adosado,17.914188034188033,11.412775835275834,24.41800310800311,2.441845117845118,8.802222222222222,922.2444444444444,918.5630555555556
2023-06,LEON,391.14,3.2,4.9,Duplex,17.914188034188033,11.412775835275834,24.41800310800311,2.441845117845118,8.802222222222222,922.2444444444444,918.5630555555556
2023-06,LEON,600.0,2.1,3.3,Casa Unifamiliar,17.914188034188033,11.412775835275834,24.41800310800311,2.441845117845118,8.802222222222222,922.2444444444444,918.5630555555556
2023-07,LEON,169.85,4.1,5.6,Piso,18.93218716767104,10.961130804679192,26.901453385324352,3.0524926686217007,11.34731182795699,913.1048387096774,909.6483870967742
2023-07,LEON,320.78,3.0,5.0,Adosado,18.93218716767104,10.961130804679192,26.901453385324352,3.0524926686217007,11.34731182795699,913.1048387096774,909.6483870967742
2023-07,LEON,344.0,3.8,5.1,Duplex,18.93218716767104,10.961130804679192,26.901453385324352,3.0524926686217007,11.34731182795699,913.1048387096774,909.6483870967742
2023-07,LEON,581.84,4.2,6.1,Casa Unifamiliar,18.93218716767104,10.961130804679192,26.901453385324352,3.0524926686217007,11.34731182795699,913.1048387096774,909.6483870967742
2023-08,LEON,208.99,3.9,6.1,Piso,20.358755760368666,12.069124423963135,28.646082949308756,3.056989247311828,10.501075268817205,916.0354838709677,912.4583333333333
2023-08,LEON,315.65,4.4,3.9,Adosado,20.358755760368666,12.069124423963135,28.646082949308756,3.056989247311828,10.501075268817205,916.0354838709677,912.4583333333333
2023-08,LEON,395.12,2.2,3.9,Duplex,20.358755760368666,12.069124423963135,28.646082949308756,3.056989247311828,10.501075268817205,916.0354838709677,912.4583333333333
2023-08,LEON,541.29,4.0,4.3,Casa Unifamiliar,20.358755760368666,12.069124423963135,28.646082949308756,3.056989247311828,10.501075268817205,916.0354838709677,912.4583333333333
2023-09,LEON,271.42,4.2,4.3,Piso,16.634615384615383,10.25007326007326,23.023534798534797,2.331489898989899,7.069999999999999,907.5911111111111,903.7397222222222
2023-09,LEON,320.26,4.3,3.9,Adosado,16.634615384615383,10.25007326007326,23.023534798534797,2.331489898989899,7.069999999999999,907.5911111111111,903.7397222222222
2023-09,LEON,355.14,3.6,4.3,Duplex,16.634615384615383,10.25007326007326,23.023534798534797,2.331489898989899,7.069999999999999,907.5911111111111,903.7397222222222
2023-09,LEON,471.34,2.7,6.3,Casa Unifamiliar,16.634615384615383,10.25007326007326,23.023534798534797,2.331489898989899,7.069999999999999,907.5911111111111,903.7397222222222
2023-10,LEON,227.35,2.3,5.7,Piso,13.658029067706487,8.022279333569657,19.296561503013116,2.5951270772238515,4.854838709677419,907.2962365591399,902.1467741935484
2023-10,LEON,326.34,2.4,5.2,Adosado,13.658029067706487,8.022279333569657,19.296561503013116,2.5951270772238515,4.854838709677419,907.2962365591399,902.1467741935484
2023-10,LEON,450.0,4.4,4.7,Duplex,13.658029067706487,8.022279333569657,19.296561503013116,2.5951270772238515,4.854838709677419,907.2962365591399,902.1467741935484
2023-10,LEON,543.94,3.5,6.2,Casa Unifamiliar,13.658029067706487,8.022279333569657,19.296561503013116,2.5951270772238515,4.854838709677419,907.2962365591399,902.1467741935484
2023-11,LEON,300.0,4.8,4.7,Piso,8.76452047952048,4.360263070263071,13.172715617715617,2.9313787878787876,3.238888888888889,905.6252777777778,899.7419444444445
2023-11,LEON,326.19,4.9,4.4,Adosado,8.76452047952048,4.360263070263071,13.172715617715617,2.9313787878787876,3.238888888888889,905.6252777777778,899.7419444444445
2023-11,LEON,347.04,2.1,6.3,Duplex,8.76452047952048,4.360263070263071,13.172715617715617,2.9313787878787876,3.238888888888889,905.6252777777778,899.7419444444445
2023-11,LEON,600.0,2.2,4.6,Casa Unifamiliar,8.76452047952048,4.360263070263071,13.172715617715617,2.9313787878787876,3.238888888888889,905.6252777777778,899.7419444444445
2023-12,LEON,215.61,2.1,4.3,Piso,4.331123714994683,-0.07536334633108825,8.735661113080468,2.051104594330401,2.643010752688172,913.6986559139784,908.883064516129
2023-12,LEON,400.0,3.4,5.5,Adosado,4.331123714994683,-0.07536334633108825,8.735661113080468,2.051104594330401,2.643010752688172,913.6986559139784,908.883064516129
2023-12,LEON,422.55,4.3,5.7,Duplex,4.331123714994683,-0.07536334633108825,8.735661113080468,2.051104594330401,2.643010752688172,913.6986559139784,908.883064516129
2023-12,LEON,600.0,3.8,4.8,Casa Unifamiliar,4.331123714994683,-0.07536334633108825,8.735661113080468,2.051104594330401,2.643010752688172,913.6986559139784,908.883064516129
2024-01,LEON,181.98,2.1,3.7,Piso,4.9075682382134,0.1458023159636063,9.672870140612076,1.8466520039100682,3.083870967741935,913.6416666666667,908.8069892473118
2024-01,LEON,314.08,2.1,5.8,Adosado,4.9075682382134,0.1458023159636063,9.672870140612076,1.8466520039100682,3.083870967741935,913.6416666666667,908.8069892473118
2024-01,LEON,397.03,2.4,4.5,Duplex,4.9075682382134,0.1458023159636063,9.672870140612076,1.8466520039100682,3.083870967741935,913.6416666666667,908.8069892473118
2024-01,LEON,557.58,3.4,6.0,Casa Unifamiliar,4.9075682382134,0.1458023159636063,9.672870140612076,1.8466520039100682,3.083870967741935,913.6416666666667,908.8069892473118
2024-02,LEON,300.0,2.8,5.2,Piso,6.859703801945181,1.2323607427055703,12.482824933687002,2.9799634273772204,4.948275862068965,911.528448275862,904.5370689655173
2024-02,LEON,296.2,4.8,5.9,Adosado,6.859703801945181,1.2323607427055703,12.482824933687002,2.9799634273772204,4.948275862068965,911.528448275862,904.5370689655173
2024-02,LEON,450.0,2.2,5.4,Duplex,6.859703801945181,1.2323607427055703,12.482824933687002,2.9799634273772204,4.948275862068965,911.528448275862,904.5370689655173
2024-02,LEON,600.0,4.3,6.4,Casa Unifamiliar,6.859703801945181,1.2323607427055703,12.482824933687002,2.9799634273772204,4.948275862068965,911.528448275862,904.5370689655173
2024-03,LEON,300.0,4.5,4.2,Piso,7.3283630348146485,1.797917136626814,12.860205654560493,3.1589002932551318,5.504301075268817,900.2782258064516,893.3862903225806
2024-03,LEON,326.04,4.7,5.2,Adosado,7.3283630348146485,1.797917136626814,12.860205654560493,3.1589002932551318,5.504301075268817,900.2782258064516,893.3862903225806
2024-03,LEON,450.0,4.8,4.0,Duplex,7.3283630348146485,1.797917136626814,12.860205654560493,3.1589002932551318,5.504301075268817,900.2782258064516,893.3862903225806
2024-03,LEON,562.86,5.0,6.6,Casa Unifamiliar,7.3283630348146485,1.797917136626814,12.860205654560493,3.1589002932551318,5.504301075268817,900.2782258064516,893.3862903225806
2024-04,LEON,257.97,2.1,3.5,Piso,10.1457128982129,3.3353909978909977,16.957367077367078,3.097550505050505,7.90888888888889,909.7747222222222,904.0983333333334
2024-04,LEON,399.05,3.0,5.3,Adosado,10.1457128982129,3.3353909978909977,16.957367077367078,3.097550505050505,7.90888888888889,909.7747222222222,904.0983333333334
2024-04,LEON,361.13,4.0,3.9,Duplex,10.1457128982129,3.3353909978909977,16.957367077367078,3.097550505050505,7.90888888888889,909.7747222222222,904.0983333333334
2024-04,LEON,600.0,3.9,6.6,Casa Unifamiliar,10.1457128982129,3.3353909978909977,16.957367077367078,3.097550505050505,7.90888888888889,909.7747222222222,904.0983333333334
2024-05,LEON,290.22,4.5,4.0,Piso,11.452977667493796,5.130981921304502,17.777295285359802,3.0546920821114374,7.468817204301075,904.7282258064516,901.3274193548388
2024-05,LEON,367.68,3.0,3.9,Adosado,11.452977667493796,5.130981921304502,17.777295285359802,3.0546920821114374,7.468817204301075,904.7282258064516,901.3274193548388
2024-05,LEON,450.0,3.2,5.4,Duplex,11.452977667493796,5.130981921304502,17.777295285359802,3.0546920821114374,7.468817204301075,904.7282258064516,901.3274193548388
2024-05,LEON,580.72,2.4,5.4,Casa Unifamiliar,11.452977667493796,5.130981921304502,17.777295285359802,3.0546920821114374,7.468817204301075,904.7282258064516,901.3274193548388
2024-06,LEON,205.61,3.9,4.6,Piso,16.40320818070818,9.626416361416362,23.18116910866911,2.8543181818181815,8.827777777777778,907.6727777777778,904.2627777777778
2024-06,LEON,400.0,2.9,3.7,Adosado,16.40320818070818,9.626416361416362,23.18116910866911,2.8543181818181815,8.827777777777778,907.6727777777778,904.2627777777778
2024-06,LEON,434.08,2.1,6.1,Duplex,16.40320818070818,9.626416361416362,23.18116910866911,2.8543181818181815,8.827777777777778,907.6727777777778,904.2627777777778
2024-06,LEON,526.55,4.1,3.7,Casa Unifamiliar,16.40320818070818,9.626416361416362,23.18116910866911,2.8543181818181815,8.827777777777778,907.6727777777778,904.2627777777778
2024-07,LEON,190.16,2.9,4.6,Piso,20.008560794044666,11.99822757887274,28.017812832328964,2.748607038123167,11.355913978494625,912.9206989247313,909.2263440860215
2024-07,LEON,248.14,2.4,3.9,Adosado,20.008560794044666,11.99822757887274,28.017812832328964,2.748607038123167,11.355913978494625,912.9206989247313,909.2263440860215
2024-07,LEON,325.44,3.0,4.2,Duplex,20.008560794044666,11.99822757887274,28.017812832328964,2.748607038123167,11.355913978494625,912.9206989247313,909.2263440860215
2024-07,LEON,438.49,2.6,6.2,Casa Unifamiliar,20.008560794044666,11.99822757887274,28.017812832328964,2.748607038123167,11.355913978494625,912.9206989247313,909.2263440860215
2024-08,LEON,276.1,2.2,4.1,Piso,20.697022332506204,12.033481035093939,29.358419000354484,2.6553763440860214,10.59247311827957,911.6930107526882,908.2206989247312
2024-08,LEON,400.0,4.1,3.4,Adosado,20.697022332506204,12.033481035093939,29.358419000354484,2.6553763440860214,10.59247311827957,911.6930107526882,908.2206989247312
2024-08,LEON,400.14,4.4,5.3,Duplex,20.697022332506204,12.033481035093939,29.358419000354484,2.6553763440860214,10.59247311827957,911.6930107526882,908.2206989247312
2024-08,LEON,543.95,4.9,3.3,Casa Unifamiliar,20.697022332506204,12.033481035093939,29.358419000354484,2.6553763440860214,10.59247311827957,911.6930107526882,908.2206989247312
2024-09,LEON,300.0,4.9,6.4,Piso,14.198992673992674,7.446098901098901,20.95261904761905,2.619308080808081,7.446666666666667,906.6975,902.76
2024-09,LEON,338.75,2.9,4.9,Adosado,14.198992673992674,7.446098901098901,20.95261904761905,2.619308080808081,7.446666666666667,906.6975,902.76
2024-09,LEON,438.55,2.1,6.4,Duplex,14.198992673992674,7.446098901098901,20.95261904761905,2.619308080808081,7.446666666666667,906.6975,902.76
2024-09,LEON,572.06,3.8,3.6,Casa Unifamiliar,14.198992673992674,7.446098901098901,20.95261904761905,2.619308080808081,7.446666666666667,906.6975,902.76
2024-10,LEON,300.0,2.9,5.8,Piso,12.621375398794752,7.972651542006381,17.270223325062034,2.551656891495601,4.166666666666666,906.5728494623655,901.4010752688172
2024-10,LEON,336.1,4.8,3.6,Adosado,12.621375398794752,7.972651542006381,17.270223325062034,2.551656891495601,4.166666666666666,906.5728494623655,901.4010752688172
2024-10,LEON,353.84,4.1,4.3,Duplex,12.621375398794752,7.972651542006381,17.270223325062034,2.551656891495601,4.166666666666666,906.5728494623655,901.4010752688172
2024-10,LEON,600.0,4.3,6.0,Casa Unifamiliar,12.621375398794752,7.972651542006381,17.270223325062034,2.551656891495601,4.166666666666666,906.5728494623655,901.4010752688172
2024-11,LEON,300.0,4.9,6.1,Piso,12.585714285714284,6.866666666666667,18.295238095238094,1.675,5.288888888888889,909.6833333333334,907.25
2024-11,LEON,400.0,2.8,4.8,Adosado,12.585714285714284,6.866666666666667,18.295238095238094,1.675,5.288888888888889,909.6833333333334,907.25
2024-11,LEON,345.11,2.2,4.6,Duplex,12.585714285714284,6.866666666666667,18.295238095238094,1.675,5.288888888888889,909.6833333333334,907.25
2024-11,LEON,520.12,3.0,5.6,Casa Unifamiliar,12.585714285714284,6.866666666666667,18.295238095238094,1.675,5.288888888888889,909.6833333333334,907.25
