FECHA;INDICATIVO;NOMBRE;PROVINCIA;ALTITUD;TMEDIA;PRECIPITACION;TMIN;HORATMIN;TMAX;HORATMAX;DIR;VELMEDIA;RACHA;HORARACHA;SOL;PRESMAX;HORAPRESMAX;PRESMIN;HORAPRESMIN
2021-10-28;2565;CORESES;ZAMORA;701;;;;;;;;3.9;;;;;;;
2021-10-29;2565;CORESES;ZAMORA;701;12.2;6.6;9.6;04:19;14.7;23:37;21;5.8;17.5;23:59;;;;;
2021-10-30;2565;CORESES;ZAMORA;701;14.6;1.8;11.8;21:41;17.4;14:56;23;6.1;17.8;00:20;;;;;
2021-10-31;2565;CORESES;ZAMORA;701;15.2;9.6;11.5;22:29;18.9;13:48;22;7.5;16.1;11:10;;;;;
2021-11-01;2565;CORESES;ZAMORA;701;10.9;0.2;8.4;23:51;13.4;13:51;26;6.4;15.0;14:10;;;;;
2021-11-02;2565;CORESES;ZAMORA;701;8.6;0.4;5.2;23:59;12.0;13:20;26;6.9;17.5;16:10;;;;;
2021-11-03;2565;CORESES;ZAMORA;701;7.0;0.2;2.2;23:54;11.8;13:39;27;5.0;12.2;10:10;;;;;
2021-11-04;2565;CORESES;ZAMORA;701;6.4;0.0;0.9;Varias;11.9;13:59;35;3.9;11.1;14:10;;;;;
2021-11-05;2565;CORESES;ZAMORA;701;6.3;0.0;0.5;06:25;12.1;15:35;02;3.1;9.4;19:20;;;;;
2021-11-06;2565;CORESES;ZAMORA;701;5.6;0.0;-0.2;06:36;11.5;13:59;05;4.4;14.4;11:30;;;;;
2021-11-07;2565;CORESES;ZAMORA;701;5.4;0.0;-1.2;06:45;12.1;15:02;07;3.3;9.7;15:10;;;;;
2021-11-08;2565;CORESES;ZAMORA;701;9.2;0.0;0.9;07:37;17.5;16:16;32;1.1;4.2;02:10;;;;;
2021-11-09;2565;CORESES;ZAMORA;701;9.6;0.0;2.4;07:43;16.8;14:58;06;1.1;11.4;14:10;;;;;
2021-11-10;2565;CORESES;ZAMORA;701;8.0;0.0;0.6;06:56;15.4;15:05;02;1.7;5.3;05:30;;;;;
2021-11-11;2565;CORESES;ZAMORA;701;6.6;0.0;-1.4;06:46;14.7;15:42;35;1.4;4.2;08:40;;;;;
2021-11-12;2565;CORESES;ZAMORA;701;5.8;0.0;0.4;05:07;11.2;15:11;32;1.7;6.7;05:10;;;;;
2021-11-13;2565;CORESES;ZAMORA;701;5.0;0.0;-0.1;02:59;10.0;14:49;36;2.2;9.2;21:10;;;;;
2021-11-14;2565;CORESES;ZAMORA;701;4.4;0.0;1.0;Varias;7.9;16:11;35;1.7;8.6;00:10;;;;;
2021-11-15;2565;CORESES;ZAMORA;701;5.8;0.0;0.7;06:56;11.0;15:50;08;1.1;5.3;20:50;;;;;
2021-11-16;2565;CORESES;ZAMORA;701;7.0;0.0;1.6;06:36;12.3;14:02;04;4.4;12.2;13:10;;;;;
2021-11-17;2565;CORESES;ZAMORA;701;6.5;0.0;1.1;01:28;11.9;12:18;06;7.5;17.2;16:10;;;;;
2021-11-18;2565;CORESES;ZAMORA;701;6.6;0.0;-0.6;07:17;13.8;14:57;10;5.3;9.2;11:40;;;;;
2021-11-19;2565;CORESES;ZAMORA;701;6.9;0.0;-0.9;07:36;14.7;13:50;12;5.0;11.1;12:30;;;;;
2021-11-20;2565;CORESES;ZAMORA;701;8.0;0.0;1.0;07:31;15.0;14:45;99;3.9;6.7;Varias;;;;;
2021-11-21;2565;CORESES;ZAMORA;701;8.3;0.8;1.6;Varias;15.0;14:34;35;2.2;8.1;02:10;;;;;
2021-11-22;2565;CORESES;ZAMORA;701;4.8;14.2;2.4;23:38;7.1;14:46;02;4.2;15.0;23:00;;;;;
2021-11-23;2565;CORESES;ZAMORA;701;3.9;13.4;2.4;04:10;5.4;17:06;06;8.3;16.9;13:30;;;;;
2021-11-24;2565;CORESES;ZAMORA;701;5.4;5.4;4.0;08:24;6.7;14:24;33;2.2;10.3;14:40;;;;;
2021-11-25;2565;CORESES;ZAMORA;701;5.8;0.0;1.7;07:39;9.9;15:07;03;1.4;7.5;18:20;;;;;
2021-11-26;2565;CORESES;ZAMORA;701;4.8;0.0;0.1;06:30;9.4;14:31;27;3.3;10.8;23:50;;;;;
2021-11-27;2565;CORESES;ZAMORA;701;3.5;0.0;-0.3;22:42;7.3;13:27;36;8.6;16.7;12:10;;;;;
2021-11-28;2565;CORESES;ZAMORA;701;2.8;0.0;-1.9;07:15;7.4;14:04;27;6.9;15.0;14:00;;;;;
2021-11-29;2565;CORESES;ZAMORA;701;7.5;0.0;2.3;23:53;12.7;Varias;26;6.9;12.8;02:10;;;;;
2021-11-30;2565;CORESES;ZAMORA;701;5.8;0.0;-0.9;07:33;12.4;15:51;34;1.1;3.9;05:40;;;;;
2021-12-01;2565;CORESES;ZAMORA;701;4.8;0.0;0.0;03:11;9.7;12:59;25;5.3;15.6;12:10;;;;;
2021-12-02;2565;CORESES;ZAMORA;701;5.2;0.0;0.9;07:18;9.6;14:07;36;5.0;12.8;12:50;;;;;
2021-12-03;2565;CORESES;ZAMORA;701;5.8;0.0;-0.7;Varias;12.2;14:30;25;3.3;9.2;23:50;;;;;
2021-12-04;2565;CORESES;ZAMORA;701;9.4;0.0;4.8;24:00;14.0;Varias;28;6.7;13.3;15:10;;;;;
2021-12-05;2565;CORESES;ZAMORA;701;7.4;0.0;2.9;03:53;11.8;14:27;25;7.5;15.0;09:10;;;;;
2021-12-06;2565;CORESES;ZAMORA;701;7.3;0.6;2.3;05:35;12.3;12:37;26;3.9;11.9;13:40;;;;;
2021-12-07;2565;CORESES;ZAMORA;701;8.5;10.0;5.2;23:47;11.8;10:39;23;9.2;20.3;17:30;;;;;
2021-12-08;2565;CORESES;ZAMORA;701;4.6;0.0;2.4;07:14;6.8;14:19;28;10.0;19.2;14:30;;;;;
2021-12-09;2565;CORESES;ZAMORA;701;7.4;0.0;3.6;00:59;11.2;14:07;25;10.6;17.2;14:10;;;;;
2021-12-10;2565;CORESES;ZAMORA;701;9.8;0.0;5.8;22:42;13.9;13:05;28;9.2;18.9;13:40;;;;;
2021-12-11;2565;CORESES;ZAMORA;701;9.8;0.0;3.6;05:49;16.1;15:07;99;1.9;8.3;Varias;;;;;
2021-12-12;2565;CORESES;ZAMORA;701;5.8;0.0;3.6;00:42;7.9;16:34;34;1.4;4.7;05:10;;;;;
2021-12-13;2565;CORESES;ZAMORA;701;5.8;0.0;4.7;07:42;7.0;00:08;99;2.5;4.7;Varias;;;;;
2021-12-14;2565;CORESES;ZAMORA;701;3.6;0.0;1.3;Varias;5.9;00:06;04;1.9;5.0;00:10;;;;;
2021-12-15;2565;CORESES;ZAMORA;701;2.0;0.0;-3.1;07:01;7.1;14:25;35;1.7;4.7;11:30;;;;;
2021-12-16;2565;CORESES;ZAMORA;701;5.0;0.0;-3.1;08:01;13.2;15:31;03;1.7;5.6;14:10;;;;;
2021-12-17;2565;CORESES;ZAMORA;701;4.6;0.0;-2.2;07:36;11.5;14:50;35;3.1;5.8;08:10;;;;;
2021-12-18;2565;CORESES;ZAMORA;701;2.8;0.0;-2.7;05:17;8.2;15:24;10;1.9;6.1;21:30;;;;;
2021-12-19;2565;CORESES;ZAMORA;701;5.2;0.0;-2.3;06:30;12.7;15:11;35;3.1;6.1;04:30;;;;;
2021-12-20;2565;CORESES;ZAMORA;701;3.3;1.8;-0.5;04:26;7.1;15:06;36;1.4;5.6;02:10;;;;;
2021-12-21;2565;CORESES;ZAMORA;701;10.1;0.8;5.1;Varias;15.1;14:08;13;1.9;6.7;22:20;;;;;
2021-12-22;2565;CORESES;ZAMORA;701;10.1;0.2;5.5;07:40;14.7;13:33;20;1.9;7.5;15:10;;;;;
2021-12-23;2565;CORESES;ZAMORA;701;9.6;3.6;7.6;02:53;11.5;16:18;21;4.2;7.5;21:10;;;;;
2021-12-24;2565;CORESES;ZAMORA;701;8.4;0.4;3.9;06:18;12.9;14:17;22;3.6;10.8;15:40;;;;;
2021-12-25;2565;CORESES;ZAMORA;701;8.4;5.4;7.1;Varias;9.7;13:24;12;3.6;8.9;11:10;;;;;
2021-12-26;2565;CORESES;ZAMORA;701;10.2;10.4;7.7;05:57;12.6;20:08;23;4.7;14.7;23:00;;;;;
2021-12-27;2565;CORESES;ZAMORA;701;11.0;0.0;8.7;08:00;13.2;13:38;26;7.2;16.1;05:10;;;;;
2021-12-28;2565;CORESES;ZAMORA;701;10.8;0.0;8.2;02:39;13.4;15:08;24;5.3;11.7;03:20;;;;;
2021-12-29;2565;CORESES;ZAMORA;701;11.8;0.0;7.7;05:30;16.0;13:06;22;2.5;7.5;01:10;;;;;
2021-12-30;2565;CORESES;ZAMORA;701;5.9;0.2;3.6;03:52;8.2;00:01;02;2.2;4.2;Varias;;;;;
2021-12-31;2565;CORESES;ZAMORA;701;5.6;0.0;1.4;23:37;9.9;15:30;34;2.5;6.1;14:10;;;;;
2022-01-01;2565;CORESES;ZAMORA;701;5.5;0.0;-0.2;07:34;11.2;15:20;35;2.2;5.3;15:20;;;;;
2022-01-02;2565;CORESES;ZAMORA;701;10.6;0.0;5.1;01:02;16.0;14:46;26;2.2;5.6;15:30;;;;;
2022-01-03;2565;CORESES;ZAMORA;701;9.8;0.0;2.3;08:27;17.3;15:05;22;1.4;9.2;22:10;;;;;
2022-01-04;2565;CORESES;ZAMORA;701;7.0;0.2;2.4;23:28;11.5;12:10;26;9.4;18.9;12:40;;;;;
2022-01-05;2565;CORESES;ZAMORA;701;3.8;3.6;1.1;07:56;6.6;12:07;28;2.5;8.9;04:50;;;;;
2022-01-06;2565;CORESES;ZAMORA;701;2.3;0.0;0.3;05:20;4.3;15:00;28;1.9;4.7;13:30;;;;;
2022-01-07;2565;CORESES;ZAMORA;701;6.0;0.0;1.4;23:15;10.5;15:52;05;1.1;4.2;10:40;;;;;
2022-01-08;2565;CORESES;ZAMORA;701;3.2;0.0;-2.2;06:56;8.6;14:33;99;5.6;11.4;Varias;;;;;
2022-01-09;2565;CORESES;ZAMORA;701;8.2;0.0;4.2;02:39;12.1;Varias;26;8.6;14.7;11:30;;;;;
2022-01-10;2565;CORESES;ZAMORA;701;10.2;0.0;4.9;24:00;15.6;15:13;27;1.9;10.0;00:20;;;;;
2022-01-11;2565;CORESES;ZAMORA;701;5.1;0.0;0.0;08:11;10.2;15:58;07;1.1;10.0;23:30;;;;;
2022-01-12;2565;CORESES;ZAMORA;701;4.8;0.0;-0.3;23:39;9.9;14:38;06;5.3;11.9;11:10;;;;;
2022-01-13;2565;CORESES;ZAMORA;701;3.8;0.0;-3.8;07:55;11.5;15:22;36;2.8;6.4;04:10;;;;;
2022-01-14;2565;CORESES;ZAMORA;701;2.4;0.0;-4.5;07:33;9.2;16:04;36;3.3;6.1;13:10;;;;;
2022-01-15;2565;CORESES;ZAMORA;701;2.8;0.0;-4.8;07:42;10.5;15:09;35;1.1;4.2;05:00;;;;;
2022-01-16;2565;CORESES;ZAMORA;701;2.6;0.0;-3.9;07:14;9.2;14:18;14;1.1;3.9;00:10;;;;;
2022-01-17;2565;CORESES;ZAMORA;701;3.1;0.0;-3.4;06:44;9.6;15:48;35;1.9;5.3;06:30;;;;;
2022-01-18;2565;CORESES;ZAMORA;701;1.6;0.0;-5.0;07:38;8.2;15:45;34;1.9;5.0;01:30;;;;;
2022-01-19;2565;CORESES;ZAMORA;701;3.4;0.0;-4.5;05:43;11.4;15:25;34;1.9;5.8;21:20;;;;;
2022-01-20;2565;CORESES;ZAMORA;701;3.8;0.0;-4.0;08:01;11.5;14:47;08;1.1;7.8;19:50;;;;;
2022-01-21;2565;CORESES;ZAMORA;701;1.6;0.0;-3.0;07:32;6.3;14:09;06;7.2;17.2;11:00;;;;;
2022-01-22;2565;CORESES;ZAMORA;701;1.4;0.0;-4.8;07:44;7.7;15:48;06;2.8;7.2;00:20;;;;;
2022-01-23;2565;CORESES;ZAMORA;701;3.0;0.0;-5.3;05:28;11.4;16:48;12;1.7;7.8;13:40;;;;;
2022-01-24;2565;CORESES;ZAMORA;701;3.2;0.0;-4.4;07:02;10.8;15:38;13;2.2;5.8;21:00;;;;;
2022-01-25;2565;CORESES;ZAMORA;701;3.2;0.0;-4.5;08:00;11.0;15:33;06;2.2;7.8;23:00;;;;;
2022-01-26;2565;CORESES;ZAMORA;701;3.5;0.0;-3.8;07:29;10.8;16:07;09;2.8;7.2;00:50;;;;;
2022-01-27;2565;CORESES;ZAMORA;701;5.0;0.0;-3.1;07:46;13.2;15:08;06;4.2;9.7;22:10;;;;;
2022-01-28;2565;CORESES;ZAMORA;701;5.1;0.0;-3.8;06:39;14.0;14:52;07;3.3;10.3;21:40;;;;;
2022-01-29;2565;CORESES;ZAMORA;701;5.0;0.0;-4.5;06:29;14.6;15:40;35;2.8;6.9;23:10;;;;;
2022-01-30;2565;CORESES;ZAMORA;701;4.4;0.0;-4.4;07:19;13.2;15:38;35;1.7;7.8;01:30;;;;;
2022-01-31;2565;CORESES;ZAMORA;701;4.8;0.0;-4.5;07:18;14.0;16:10;10;1.1;7.8;20:40;;;;;
2022-02-01;2565;CORESES;ZAMORA;701;4.6;0.0;-3.2;07:28;12.5;14:47;06;3.1;13.3;15:40;;;;;
2022-02-02;2565;CORESES;ZAMORA;701;7.4;0.0;-1.7;07:39;16.5;16:24;04;1.7;8.3;01:20;;;;;
2022-02-03;2565;CORESES;ZAMORA;701;6.6;0.0;-1.5;07:32;14.7;13:44;25;1.9;8.6;15:30;;;;;
2022-02-04;2565;CORESES;ZAMORA;701;5.8;0.0;1.0;07:34;10.5;14:49;24;1.4;5.6;04:10;;;;;
2022-02-05;2565;CORESES;ZAMORA;701;5.3;0.0;-0.7;07:24;11.3;12:18;07;4.7;11.1;10:50;;;;;
2022-02-06;2565;CORESES;ZAMORA;701;3.6;0.0;-4.7;07:48;11.8;15:15;36;3.3;6.1;09:10;;;;;
2022-02-07;2565;CORESES;ZAMORA;701;5.0;0.0;-4.3;07:20;14.2;16:22;05;2.2;6.4;18:50;;;;;
2022-02-08;2565;CORESES;ZAMORA;701;6.2;0.0;-2.5;06:52;14.8;16:18;35;2.2;5.8;06:20;;;;;
2022-02-09;2565;CORESES;ZAMORA;701;7.3;0.0;-2.3;07:24;16.9;14:39;02;1.4;6.7;03:10;;;;;
2022-02-10;2565;CORESES;ZAMORA;701;7.5;0.0;-0.9;07:42;15.9;15:00;26;1.9;5.8;19:20;;;;;
2022-02-11;2565;CORESES;ZAMORA;701;9.9;0.0;3.8;07:38;16.0;15:26;10;2.2;6.7;12:00;;;;;
2022-02-12;2565;CORESES;ZAMORA;701;8.0;0.0;1.6;07:01;14.4;15:38;26;2.2;6.1;20:30;;;;;
2022-02-13;2565;CORESES;ZAMORA;701;7.4;1.2;3.0;03:58;11.8;13:06;99;7.8;14.4;Varias;;;;;
2022-02-14;2565;CORESES;ZAMORA;701;5.8;0.0;0.9;23:43;10.7;15:30;25;7.2;13.9;14:10;;;;;
2022-02-15;2565;CORESES;ZAMORA;701;4.2;0.0;-1.9;05:09;10.4;13:42;26;5.0;13.1;15:50;;;;;
2022-02-16;2565;CORESES;ZAMORA;701;8.1;0.0;4.0;00:28;12.2;14:41;24;5.3;12.2;16:00;;;;;
2022-02-17;2565;CORESES;ZAMORA;701;10.4;0.0;4.8;05:53;16.1;16:28;23;1.9;5.8;00:10;;;;;
2022-02-18;2565;CORESES;ZAMORA;701;8.3;0.0;1.8;04:56;14.8;16:28;36;3.6;12.5;21:50;;;;;
2022-02-19;2565;CORESES;ZAMORA;701;5.5;0.0;0.3;23:57;10.7;16:38;04;3.3;11.1;01:40;;;;;
2022-02-20;2565;CORESES;ZAMORA;701;5.4;0.0;-3.3;06:58;14.0;15:48;35;1.7;6.1;23:50;;;;;
2022-02-21;2565;CORESES;ZAMORA;701;8.3;0.0;0.0;06:22;16.6;16:45;03;2.5;6.7;13:30;;;;;
2022-02-22;2565;CORESES;ZAMORA;701;7.6;0.0;-2.4;06:32;17.5;15:17;34;2.8;7.2;07:10;;;;;
2022-02-23;2565;CORESES;ZAMORA;701;8.0;0.0;-1.9;06:34;18.0;16:36;03;3.6;8.3;04:10;;;;;
2022-02-24;2565;CORESES;ZAMORA;701;7.2;0.0;0.3;07:11;14.0;15:28;06;3.3;13.3;20:10;;;;;
2022-02-25;2565;CORESES;ZAMORA;701;7.6;0.0;1.8;23:47;13.3;13:58;04;6.4;12.8;12:00;;;;;
2022-02-26;2565;CORESES;ZAMORA;701;5.1;0.0;-1.2;02:37;11.4;15:44;36;3.6;8.3;08:40;;;;;
2022-02-27;2565;CORESES;ZAMORA;701;9.6;0.0;4.1;23:48;15.1;16:03;26;2.2;6.1;13:30;;;;;
2022-02-28;2565;CORESES;ZAMORA;701;8.8;0.0;0.1;07:01;17.6;16:45;26;1.9;5.8;20:00;;;;;
2022-03-01;2565;CORESES;ZAMORA;701;9.8;2.8;2.9;04:36;16.6;14:18;26;3.9;10.6;17:00;;;;;
2022-03-02;2565;CORESES;ZAMORA;701;8.2;2.0;3.1;07:09;13.3;14:17;28;5.3;11.1;14:20;;;;;
2022-03-03;2565;CORESES;ZAMORA;701;6.0;17.6;4.2;23:56;7.8;13:38;34;6.9;20.6;18:30;;;;;
2022-03-04;2565;CORESES;ZAMORA;701;6.2;0.0;0.7;06:37;11.8;15:19;08;2.5;7.8;22:40;;;;;
2022-03-05;2565;CORESES;ZAMORA;701;4.5;0.0;-0.7;07:10;9.7;13:52;07;3.3;10.0;21:50;;;;;
2022-03-06;2565;CORESES;ZAMORA;701;3.4;0.0;-1.4;05:01;8.2;12:32;07;3.9;12.8;10:40;;;;;
2022-03-07;2565;CORESES;ZAMORA;701;5.0;0.6;-0.6;06:09;10.6;14:56;24;3.6;8.1;16:50;;;;;
2022-03-08;2565;CORESES;ZAMORA;701;7.6;0.8;3.6;04:43;11.5;15:24;23;6.4;10.8;16:30;;;;;
2022-03-09;2565;CORESES;ZAMORA;701;7.8;0.8;3.1;02:58;12.5;14:08;20;5.3;15.0;14:30;;;;;
2022-03-10;2565;CORESES;ZAMORA;701;10.1;1.0;6.4;Varias;13.8;15:30;22;6.7;15.0;14:50;;;;;
2022-03-11;2565;CORESES;ZAMORA;701;7.8;2.0;3.8;23:59;11.9;13:12;20;5.6;15.6;03:00;;;;;
2022-03-12;2565;CORESES;ZAMORA;701;5.8;6.4;0.9;06:39;10.6;14:08;22;6.1;15.6;14:20;;;;;
2022-03-13;2565;CORESES;ZAMORA;701;7.0;0.0;2.0;06:22;11.9;16:01;26;3.9;11.1;01:30;;;;;
2022-03-14;2565;CORESES;ZAMORA;701;6.2;6.6;3.1;03:45;9.3;10:22;06;7.2;16.1;12:40;;;;;
2022-03-15;2565;CORESES;ZAMORA;701;11.7;0.0;5.8;00:01;17.6;15:24;14;5.3;13.3;13:30;;;;;
2022-03-16;2565;CORESES;ZAMORA;701;10.5;0.0;7.6;23:58;13.4;00:02;05;5.8;11.7;23:10;;;;;
2022-03-17;2565;CORESES;ZAMORA;701;6.9;0.0;4.8;23:53;9.0;13:05;07;7.8;17.8;20:40;;;;;
2022-03-18;2565;CORESES;ZAMORA;701;8.9;0.0;4.1;07:25;13.7;13:45;05;3.1;10.3;02:30;;;;;
2022-03-19;2565;CORESES;ZAMORA;701;9.4;0.0;3.7;05:29;15.2;16:11;15;2.5;8.3;21:10;;;;;
2022-03-20;2565;CORESES;ZAMORA;701;10.4;0.2;7.2;06:08;13.7;11:04;12;8.6;15.6;14:40;;;;;
2022-03-21;2565;CORESES;ZAMORA;701;11.4;3.4;7.5;07:02;15.2;14:50;10;4.2;11.7;16:00;;;;;
2022-03-22;2565;CORESES;ZAMORA;701;11.5;3.2;7.6;06:36;15.4;15:34;11;5.3;16.1;17:50;;;;;
2022-03-23;2565;CORESES;ZAMORA;701;10.2;0.0;6.1;06:17;14.2;13:19;12;5.8;15.0;00:10;;;;;
2022-03-24;2565;CORESES;ZAMORA;701;8.0;0.2;3.2;05:59;12.8;14:53;09;4.4;9.4;19:10;;;;;
2022-03-25;2565;CORESES;ZAMORA;701;11.8;0.0;7.7;02:42;16.0;12:40;10;3.6;10.3;15:10;;;;;
2022-03-26;2565;CORESES;ZAMORA;701;11.6;0.0;6.6;06:13;16.7;15:08;09;3.1;8.6;01:10;;;;;
2022-03-27;2565;CORESES;ZAMORA;701;10.8;0.0;4.2;05:04;17.5;14:07;10;3.9;9.7;16:20;;;;;
2022-03-28;2565;CORESES;ZAMORA;701;12.4;1.0;8.1;06:52;16.6;17:05;12;3.3;9.7;09:10;;;;;
2022-03-29;2565;CORESES;ZAMORA;701;12.0;1.4;7.4;06:13;16.6;14:57;32;3.3;9.4;17:10;;;;;
2022-03-30;2565;CORESES;ZAMORA;701;9.4;0.4;4.3;23:18;14.4;15:48;36;5.3;12.2;16:30;;;;;
2022-03-31;2565;CORESES;ZAMORA;701;7.6;0.6;1.9;04:46;13.4;16:43;29;4.7;14.2;17:10;;;;;
2022-04-01;2565;CORESES;ZAMORA;701;4.7;0.0;-0.3;23:41;9.7;14:41;02;3.9;12.2;16:10;;;;;
2022-04-02;2565;CORESES;ZAMORA;701;3.8;0.0;-2.5;05:43;10.1;14:02;10;1.9;10.6;21:20;;;;;
2022-04-03;2565;CORESES;ZAMORA;701;2.8;0.0;-3.7;05:53;9.3;12:54;06;6.7;14.2;20:40;;;;;
2022-04-04;2565;CORESES;ZAMORA;701;3.2;0.0;-4.5;05:58;10.9;14:27;08;6.1;17.8;11:20;;;;;
2022-04-05;2565;CORESES;ZAMORA;701;6.4;0.0;-2.7;04:16;15.4;15:44;09;4.2;11.4;15:40;;;;;
2022-04-06;2565;CORESES;ZAMORA;701;8.8;0.0;-1.2;06:00;18.8;16:00;26;3.6;10.8;19:10;;;;;
2022-04-07;2565;CORESES;ZAMORA;701;11.1;0.0;6.1;04:24;16.1;16:05;25;8.6;16.1;11:40;;;;;
2022-04-08;2565;CORESES;ZAMORA;701;9.6;0.2;6.0;00:28;13.2;13:40;24;9.2;16.4;13:10;;;;;
2022-04-09;2565;CORESES;ZAMORA;701;11.7;0.0;4.7;05:26;18.7;16:09;20;1.9;7.2;17:10;;;;;
2022-04-10;2565;CORESES;ZAMORA;701;13.4;0.0;3.8;06:11;23.0;15:28;16;6.4;11.7;16:10;;;;;
2022-04-11;2565;CORESES;ZAMORA;701;13.6;3.8;7.6;06:25;19.6;12:23;20;7.5;20.3;13:00;;;;;
2022-04-12;2565;CORESES;ZAMORA;701;10.2;1.0;5.8;05:37;14.5;15:00;23;4.2;12.2;11:20;;;;;
2022-04-13;2565;CORESES;ZAMORA;701;10.2;0.0;2.7;06:30;17.7;15:56;07;3.1;9.7;21:50;;;;;
2022-04-14;2565;CORESES;ZAMORA;701;12.2;0.0;4.1;04:53;20.4;Varias;12;2.2;8.3;12:30;;;;;
2022-04-15;2565;CORESES;ZAMORA;701;14.1;0.0;4.5;05:51;23.7;16:53;12;2.5;6.7;11:30;;;;;
2022-04-16;2565;CORESES;ZAMORA;701;15.4;0.0;5.3;05:51;25.5;17:17;11;1.9;8.1;23:20;;;;;
2022-04-17;2565;CORESES;ZAMORA;701;14.8;0.0;5.7;05:34;23.9;16:07;10;1.7;8.9;22:30;;;;;
2022-04-18;2565;CORESES;ZAMORA;701;13.3;0.8;4.0;05:48;22.6;14:40;02;3.1;16.1;21:30;;;;;
2022-04-19;2565;CORESES;ZAMORA;701;8.9;11.2;3.8;20:35;14.0;13:07;04;4.7;14.2;21:10;;;;;
2022-04-20;2565;CORESES;ZAMORA;701;8.0;0.0;1.9;02:47;14.0;15:07;35;6.4;15.3;13:00;;;;;
2022-04-21;2565;CORESES;ZAMORA;701;8.0;5.2;0.7;03:48;15.2;14:17;24;3.1;9.7;15:50;;;;;
2022-04-22;2565;CORESES;ZAMORA;701;6.9;6.8;5.3;23:54;8.5;03:38;26;3.3;9.7;12:20;;;;;
2022-04-23;2565;CORESES;ZAMORA;701;7.2;0.0;3.7;03:27;10.8;15:02;26;8.9;18.3;15:00;;;;;
2022-04-24;2565;CORESES;ZAMORA;701;8.8;0.0;2.1;05:21;15.4;15:52;26;4.2;10.3;12:10;;;;;
2022-04-25;2565;CORESES;ZAMORA;701;11.8;0.0;3.9;05:09;19.8;16:26;15;1.9;7.5;12:50;;;;;
2022-04-26;2565;CORESES;ZAMORA;701;12.0;1.8;5.9;05:25;18.1;Varias;28;3.3;13.9;14:10;;;;;
2022-04-27;2565;CORESES;ZAMORA;701;14.0;0.0;8.7;05:38;19.4;15:07;32;3.1;8.9;18:30;;;;;
2022-04-28;2565;CORESES;ZAMORA;701;12.2;0.0;7.2;05:21;17.1;16:16;04;5.3;10.8;12:30;;;;;
2022-04-29;2565;CORESES;ZAMORA;701;14.9;0.0;5.8;05:25;24.0;16:22;02;2.5;6.1;07:50;;;;;
2022-04-30;2565;CORESES;ZAMORA;701;16.0;0.0;8.1;06:19;23.9;13:24;32;2.5;10.3;15:40;;;;;
2022-05-01;2565;CORESES;ZAMORA;701;15.6;0.0;7.3;05:46;23.9;16:19;05;3.1;8.9;22:30;;;;;
2022-05-02;2565;CORESES;ZAMORA;701;11.7;1.0;7.2;05:37;16.2;15:23;04;5.0;14.7;23:00;;;;;
2022-05-03;2565;CORESES;ZAMORA;701;12.2;0.0;7.5;01:43;16.9;15:07;06;8.3;15.8;08:40;;;;;
2022-05-04;2565;CORESES;ZAMORA;701;12.2;0.0;3.9;05:01;20.4;15:53;09;3.3;10.0;22:00;;;;;
2022-05-05;2565;CORESES;ZAMORA;701;13.4;0.0;5.0;05:13;21.9;16:57;10;2.5;11.1;21:50;;;;;
2022-05-06;2565;CORESES;ZAMORA;701;14.0;0.0;5.6;04:49;22.3;16:05;07;3.6;8.1;14:40;;;;;
2022-05-07;2565;CORESES;ZAMORA;701;14.1;0.0;4.4;04:54;23.8;15:16;03;3.3;9.2;12:00;;;;;
2022-05-08;2565;CORESES;ZAMORA;701;16.5;0.0;6.4;04:57;26.6;17:00;33;2.2;5.8;13:50;;;;;
2022-05-09;2565;CORESES;ZAMORA;701;18.6;0.0;7.9;04:47;29.3;17:43;36;2.5;6.7;05:10;;;;;
2022-05-10;2565;CORESES;ZAMORA;701;20.0;0.0;10.0;05:30;30.0;13:47;22;4.7;11.7;13:50;;;;;
2022-05-11;2565;CORESES;ZAMORA;701;20.5;0.0;11.9;05:23;29.1;15:55;26;5.6;13.9;13:40;;;;;
2022-05-12;2565;CORESES;ZAMORA;701;20.4;0.0;13.5;06:10;27.4;13:39;28;2.2;10.3;15:40;;;;;
2022-05-13;2565;CORESES;ZAMORA;701;19.4;0.0;9.7;05:10;29.0;15:35;27;3.9;8.9;16:50;;;;;
2022-05-14;2565;CORESES;ZAMORA;701;19.4;8.4;13.6;05:02;25.2;16:53;16;5.0;14.2;17:50;;;;;
2022-05-15;2565;CORESES;ZAMORA;701;16.8;0.0;11.6;02:12;22.0;13:53;23;6.7;14.7;17:10;;;;;
2022-05-16;2565;CORESES;ZAMORA;701;17.1;0.0;9.5;05:23;24.7;14:13;26;5.3;13.1;16:40;;;;;
2022-05-17;2565;CORESES;ZAMORA;701;19.2;0.0;11.7;05:11;26.6;14:36;24;4.4;11.4;12:40;;;;;
2022-05-18;2565;CORESES;ZAMORA;701;20.3;0.0;11.7;05:42;28.9;14:24;21;3.9;9.7;14:10;;;;;
2022-05-19;2565;CORESES;ZAMORA;701;21.2;0.0;12.2;05:43;30.1;14:05;29;3.3;8.3;13:20;;;;;
2022-05-20;2565;CORESES;ZAMORA;701;24.2;0.0;15.6;05:10;32.8;15:08;11;2.2;8.6;23:30;;;;;
2022-05-21;2565;CORESES;ZAMORA;701;24.2;9.0;16.3;05:32;32.0;14:07;27;2.8;24.4;20:00;;;;;
2022-05-22;2565;CORESES;ZAMORA;701;17.8;0.0;13.2;23:58;22.3;15:45;21;6.1;14.2;10:10;;;;;
2022-05-23;2565;CORESES;ZAMORA;701;16.6;0.0;10.4;23:41;22.7;14:33;26;6.9;17.5;13:00;;;;;
2022-05-24;2565;CORESES;ZAMORA;701;12.0;0.0;6.5;04:58;17.4;14:49;33;5.0;10.3;16:50;;;;;
2022-05-25;2565;CORESES;ZAMORA;701;13.8;0.0;5.5;05:05;22.1;17:08;09;3.3;10.8;20:40;;;;;
2022-05-26;2565;CORESES;ZAMORA;701;16.8;0.0;6.9;04:53;26.7;15:05;07;5.8;13.6;14:50;;;;;
2022-05-27;2565;CORESES;ZAMORA;701;19.1;0.0;8.4;05:08;29.8;14:15;08;5.6;15.6;14:20;;;;;
2022-05-28;2565;CORESES;ZAMORA;701;20.8;0.0;9.5;04:44;32.1;17:49;07;3.1;11.1;20:40;;;;;
2022-05-29;2565;CORESES;ZAMORA;701;21.6;3.8;12.3;04:45;30.9;14:06;88;3.9;16.4;16:50;;;;;
2022-05-30;2565;CORESES;ZAMORA;701;15.8;0.0;11.5;05:10;20.2;13:41;26;5.3;11.7;16:20;;;;;
2022-05-31;2565;CORESES;ZAMORA;701;20.1;0.0;11.7;05:00;28.5;15:40;22;3.6;10.8;16:10;;;;;
2022-06-01;2565;CORESES;ZAMORA;701;18.2;1.0;12.5;04:49;24.0;10:51;22;5.3;15.3;14:30;;;;;
2022-06-02;2565;CORESES;ZAMORA;701;18.4;1.0;11.5;05:05;25.4;14:18;23;4.4;11.4;15:40;;;;;
2022-06-03;2565;CORESES;ZAMORA;701;18.6;0.0;11.6;05:09;25.5;15:59;25;3.6;10.6;16:20;;;;;
2022-06-04;2565;CORESES;ZAMORA;701;18.0;1.4;11.1;05:36;24.9;14:31;26;4.7;13.3;16:10;;;;;
2022-06-05;2565;CORESES;ZAMORA;701;18.8;0.0;10.8;04:51;26.7;16:01;26;3.6;13.9;15:50;;;;;
2022-06-06;2565;CORESES;ZAMORA;701;19.4;0.0;11.8;04:19;27.0;14:19;27;4.7;11.7;16:50;;;;;
2022-06-07;2565;CORESES;ZAMORA;701;20.6;0.0;11.8;05:17;29.3;14:08;25;4.2;9.7;16:40;;;;;
2022-06-08;2565;CORESES;ZAMORA;701;20.5;0.0;15.1;23:56;25.9;14:35;27;7.8;13.6;14:50;;;;;
2022-06-09;2565;CORESES;ZAMORA;701;22.0;0.0;12.3;05:14;31.6;17:12;10;2.5;13.6;22:10;;;;;
2022-06-10;2565;CORESES;ZAMORA;701;25.0;1.0;14.6;04:55;35.3;17:14;20;2.8;15.6;21:00;;;;;
2022-06-11;2565;CORESES;ZAMORA;701;26.0;22.4;15.7;04:58;36.3;15:22;23;4.4;17.2;18:20;;;;;
2022-06-12;2565;CORESES;ZAMORA;701;25.8;0.0;16.4;Varias;35.3;15:59;11;3.9;8.3;00:10;;;;;
2022-06-13;2565;CORESES;ZAMORA;701;26.0;0.0;15.2;04:47;36.8;16:50;02;2.8;10.3;00:30;;;;;
2022-06-14;2565;CORESES;ZAMORA;701;28.1;0.0;19.9;05:10;36.3;15:54;26;3.3;10.8;16:10;;;;;
2022-06-15;2565;CORESES;ZAMORA;701;27.1;5.8;17.1;;37.1;;24;3.3;25.8;18:10;;;;;
2022-06-16;2565;CORESES;ZAMORA;701;27.2;8.6;18.4;03:34;35.9;16:37;16;3.9;31.4;19:00;;;;;
2022-06-17;2565;CORESES;ZAMORA;701;28.1;0.0;18.6;05:05;37.6;16:09;13;2.2;16.4;19:40;;;;;
2022-06-18;2565;CORESES;ZAMORA;701;24.0;;16.6;;31.4;;;;;;;;;;
2022-06-19;2565;CORESES;ZAMORA;701;18.4;0.0;13.2;04:37;23.5;13:34;18;5.6;14.2;15:30;;;;;
2022-06-20;2565;CORESES;ZAMORA;701;17.2;0.0;12.2;24:00;22.3;15:20;24;5.0;12.5;14:20;;;;;
2022-06-21;2565;CORESES;ZAMORA;701;16.4;0.0;9.2;05:02;23.6;15:36;26;4.2;10.8;19:10;;;;;
2022-06-22;2565;CORESES;ZAMORA;701;15.2;13.6;10.3;04:38;20.1;11:17;21;4.4;14.2;12:50;;;;;
2022-06-23;2565;CORESES;ZAMORA;701;16.4;0.0;12.7;Varias;20.2;15:08;24;5.6;14.7;16:10;;;;;
2022-06-24;2565;CORESES;ZAMORA;701;15.8;0.0;9.2;04:54;22.4;15:34;25;5.8;12.2;16:20;;;;;
2022-06-25;2565;CORESES;ZAMORA;701;17.0;0.0;11.3;23:46;22.8;15:02;22;6.7;13.3;13:50;;;;;
2022-06-26;2565;CORESES;ZAMORA;701;15.0;0.0;7.0;05:10;23.1;15:19;04;2.2;12.8;22:00;;;;;
2022-06-27;2565;CORESES;ZAMORA;701;16.4;0.0;7.5;05:12;25.2;17:02;03;3.6;12.8;01:00;;;;;
2022-06-28;2565;CORESES;ZAMORA;701;19.0;0.0;8.5;04:51;29.6;16:07;26;4.7;10.8;17:30;;;;;
2022-06-29;2565;CORESES;ZAMORA;701;19.2;0.0;12.4;05:20;26.0;14:14;27;5.6;18.3;13:40;;;;;
2022-06-30;2565;CORESES;ZAMORA;701;17.6;0.0;10.3;05:37;25.0;18:02;04;3.6;11.9;23:20;;;;;
2022-07-01;2565;CORESES;ZAMORA;701;19.0;0.0;8.7;05:02;29.3;18:14;04;2.8;7.8;23:30;;;;;
2022-07-02;2565;CORESES;ZAMORA;701;23.3;0.8;13.0;04:54;33.6;16:38;24;3.6;7.2;13:40;;;;;
2022-07-03;2565;CORESES;ZAMORA;701;22.4;0.6;14.8;05:26;29.9;15:58;26;3.1;17.5;12:40;;;;;
2022-07-04;2565;CORESES;ZAMORA;701;22.4;0.0;12.9;05:25;32.0;16:09;11;2.5;10.6;22:40;;;;;
2022-07-05;2565;CORESES;ZAMORA;701;23.2;2.6;14.4;;31.9;;05;5.8;17.8;21:20;;;;;
2022-07-06;2565;CORESES;ZAMORA;701;21.4;0.0;15.1;04:36;27.7;13:38;04;8.1;14.7;06:40;;;;;
2022-07-07;2565;CORESES;ZAMORA;701;20.9;0.0;12.0;04:24;29.8;15:22;99;6.1;11.4;Varias;;;;;
2022-07-08;2565;CORESES;ZAMORA;701;23.3;0.0;13.5;02:10;33.1;16:12;05;4.4;11.4;23:59;;;;;
2022-07-09;2565;CORESES;ZAMORA;701;24.2;0.0;13.2;05:15;35.3;17:47;06;3.3;12.5;21:10;;;;;
2022-07-10;2565;CORESES;ZAMORA;701;26.8;0.0;16.4;05:20;37.1;15:45;34;3.1;8.1;23:10;;;;;
2022-07-11;2565;CORESES;ZAMORA;701;27.6;0.0;16.8;05:09;38.3;15:06;14;3.3;11.1;19:30;;;;;
2022-07-12;2565;CORESES;ZAMORA;701;29.1;0.0;18.7;05:29;39.5;15:09;22;3.1;8.3;19:30;;;;;
2022-07-13;2565;CORESES;ZAMORA;701;30.0;0.0;19.6;05:00;40.4;16:05;36;4.4;10.8;18:00;;;;;
2022-07-14;2565;CORESES;ZAMORA;701;30.3;0.0;20.0;05:02;40.6;14:57;11;3.1;8.9;17:20;;;;;
2022-07-15;2565;CORESES;ZAMORA;701;31.2;0.2;22.0;05:09;40.4;15:59;17;5.0;20.3;18:00;;;;;
2022-07-16;2565;CORESES;ZAMORA;701;30.4;0.0;20.6;05:30;40.3;15:38;10;2.5;9.7;23:40;;;;;
2022-07-17;2565;CORESES;ZAMORA;701;31.7;0.0;22.9;05:44;40.5;13:16;13;3.3;11.1;15:50;;;;;
2022-07-18;2565;CORESES;ZAMORA;701;28.7;0.0;20.6;23:58;36.8;13:51;20;5.8;14.7;18:10;;;;;
2022-07-19;2565;CORESES;ZAMORA;701;21.9;0.0;14.5;05:20;29.3;16:33;28;5.3;11.9;15:20;;;;;
2022-07-20;2565;CORESES;ZAMORA;701;24.0;0.0;14.1;05:19;34.0;16:41;05;1.4;9.2;21:50;;;;;
2022-07-21;2565;CORESES;ZAMORA;701;26.6;0.0;16.0;05:10;37.2;15:24;99;4.4;10.0;Varias;;;;;
2022-07-22;2565;CORESES;ZAMORA;701;26.5;0.0;17.6;23:54;35.4;16:13;27;3.6;12.5;17:40;;;;;
2022-07-23;2565;CORESES;ZAMORA;701;24.4;0.0;14.1;05:27;34.8;17:11;04;3.3;8.6;00:10;;;;;
2022-07-24;2565;CORESES;ZAMORA;701;27.2;0.0;17.8;05:00;36.7;14:08;25;6.4;13.3;15:10;;;;;
2022-07-25;2565;CORESES;ZAMORA;701;25.2;0.0;16.6;05:30;33.7;17:22;32;3.6;10.8;17:50;;;;;
2022-07-26;2565;CORESES;ZAMORA;701;22.5;0.0;14.2;05:29;30.8;18:00;10;2.8;10.0;22:20;;;;;
2022-07-27;2565;CORESES;ZAMORA;701;22.8;0.0;13.5;05:18;32.2;17:15;28;4.7;10.0;20:20;;;;;
2022-07-28;2565;CORESES;ZAMORA;701;23.4;0.0;14.4;Varias;32.5;15:39;21;3.6;10.8;16:20;;;;;
2022-07-29;2565;CORESES;ZAMORA;701;23.8;0.0;15.3;04:33;32.4;15:40;09;3.1;14.7;22:10;;;;;
2022-07-30;2565;CORESES;ZAMORA;701;25.1;0.0;15.9;05:26;34.3;15:22;08;5.0;11.1;21:10;;;;;
2022-07-31;2565;CORESES;ZAMORA;701;25.5;0.0;15.2;05:18;35.8;16:32;10;2.2;10.6;23:10;;;;;
2022-08-01;2565;CORESES;ZAMORA;701;27.4;0.0;16.5;05:44;38.3;15:35;36;1.9;11.9;22:30;;;;;
2022-08-02;2565;CORESES;ZAMORA;701;28.5;0.0;18.6;05:34;38.4;15:05;20;4.2;10.3;17:20;;;;;
2022-08-03;2565;CORESES;ZAMORA;701;29.6;0.0;21.6;03:13;37.6;15:35;35;1.9;11.9;19:40;;;;;
2022-08-04;2565;CORESES;ZAMORA;701;26.8;0.0;17.1;05:25;36.5;15:26;26;3.6;8.9;14:50;;;;;
2022-08-05;2565;CORESES;ZAMORA;701;25.8;0.0;16.4;05:23;35.3;16:07;06;3.1;13.6;20:00;;;;;
2022-08-06;2565;CORESES;ZAMORA;701;24.8;0.0;14.7;05:19;34.9;16:31;03;2.8;9.4;02:50;;;;;
2022-08-07;2565;CORESES;ZAMORA;701;26.2;0.0;17.5;05:28;34.8;17:07;08;2.8;13.9;21:10;;;;;
2022-08-08;2565;CORESES;ZAMORA;701;27.2;0.0;18.3;06:18;36.0;14:39;32;2.2;7.5;21:30;;;;;
2022-08-09;2565;CORESES;ZAMORA;701;27.2;15.0;18.2;05:29;36.3;15:50;14;3.3;9.2;15:10;;;;;
2022-08-10;2565;CORESES;ZAMORA;701;25.6;1.2;18.5;;32.7;;26;4.2;16.4;21:00;;;;;
2022-08-11;2565;CORESES;ZAMORA;701;26.8;0.0;18.6;05:53;35.1;18:21;04;1.7;10.8;02:50;;;;;
2022-08-12;2565;CORESES;ZAMORA;701;26.6;0.0;17.6;05:19;35.5;15:54;24;3.6;10.8;17:30;;;;;
2022-08-13;2565;CORESES;ZAMORA;701;25.8;0.0;18.8;04:45;32.7;12:53;21;6.1;16.4;Varias;;;;;
2022-08-14;2565;CORESES;ZAMORA;701;21.0;0.0;13.5;05:43;28.5;17:02;26;5.0;11.1;17:50;;;;;
2022-08-15;2565;CORESES;ZAMORA;701;21.5;0.0;13.5;05:24;29.5;15:09;28;4.2;13.1;19:20;;;;;
2022-08-16;2565;CORESES;ZAMORA;701;19.6;0.0;14.6;05:50;24.7;14:06;26;6.7;13.9;16:20;;;;;
2022-08-17;2565;CORESES;ZAMORA;701;19.0;0.0;12.3;Varias;25.7;15:13;36;4.4;12.2;19:20;;;;;
2022-08-18;2565;CORESES;ZAMORA;701;19.0;0.0;11.7;05:22;26.4;16:00;11;3.1;10.8;22:50;;;;;
2022-08-19;2565;CORESES;ZAMORA;701;20.5;0.0;10.6;05:35;30.4;16:43;02;2.8;10.0;16:40;;;;;
2022-08-20;2565;CORESES;ZAMORA;701;24.1;0.0;14.1;05:22;34.1;16:53;27;4.2;10.3;17:40;;;;;
2022-08-21;2565;CORESES;ZAMORA;701;25.2;0.0;17.0;05:11;33.4;15:51;36;1.9;10.8;21:30;;;;;
2022-08-22;2565;CORESES;ZAMORA;701;24.6;0.0;16.1;04:31;33.0;15:33;07;2.2;9.4;20:30;;;;;
2022-08-23;2565;CORESES;ZAMORA;701;25.4;0.0;15.7;05:34;35.2;15:36;04;3.1;7.8;07:10;;;;;
2022-08-24;2565;CORESES;ZAMORA;701;27.3;0.0;18.8;06:02;35.8;14:33;19;5.0;11.1;15:20;;;;;
2022-08-25;2565;CORESES;ZAMORA;701;24.4;0.0;16.3;05:38;32.6;14:43;07;4.7;13.6;20:50;;;;;
2022-08-26;2565;CORESES;ZAMORA;701;23.7;0.0;15.7;05:50;31.7;15:49;07;4.4;10.6;20:30;;;;;
2022-08-27;2565;CORESES;ZAMORA;701;23.8;0.0;14.3;05:42;33.3;15:43;14;2.8;9.2;18:50;;;;;
2022-08-28;2565;CORESES;ZAMORA;701;25.5;0.0;16.4;05:54;34.6;14:40;19;2.5;8.1;15:50;;;;;
2022-08-29;2565;CORESES;ZAMORA;701;22.0;24.8;14.0;08:32;29.9;17:02;24;1.4;15.3;07:20;;;;;
2022-08-30;2565;CORESES;ZAMORA;701;23.0;0.0;15.3;05:55;30.8;16:20;23;2.5;7.2;16:10;;;;;
2022-08-31;2565;CORESES;ZAMORA;701;21.0;0.0;13.7;05:55;28.2;16:09;28;3.3;9.7;16:50;;;;;
2022-09-01;2565;CORESES;ZAMORA;701;21.4;0.0;13.8;05:52;28.9;16:00;24;3.9;11.4;14:10;;;;;
2022-09-02;2565;CORESES;ZAMORA;701;19.8;0.0;13.3;05:51;26.3;15:07;27;2.5;7.8;22:10;;;;;
2022-09-03;2565;CORESES;ZAMORA;701;19.3;0.0;12.5;05:41;26.1;15:30;19;4.7;13.1;14:30;;;;;
2022-09-04;2565;CORESES;ZAMORA;701;17.7;0.0;9.8;06:18;25.6;16:07;24;5.8;12.5;14:00;;;;;
2022-09-05;2565;CORESES;ZAMORA;701;19.0;0.0;11.9;05:15;26.1;15:27;99;5.8;12.5;Varias;;;;;
2022-09-06;2565;CORESES;ZAMORA;701;19.2;0.0;14.0;06:10;24.3;14:58;25;5.6;13.3;15:30;;;;;
2022-09-07;2565;CORESES;ZAMORA;701;17.1;0.0;11.6;05:39;22.6;14:41;28;5.0;12.5;14:30;;;;;
2022-09-08;2565;CORESES;ZAMORA;701;18.9;0.0;14.7;Varias;23.1;16:16;99;4.7;10.8;Varias;;;;;
2022-09-09;2565;CORESES;ZAMORA;701;21.3;0.0;13.5;04:16;29.1;15:56;26;1.9;7.5;00:40;;;;;
2022-09-10;2565;CORESES;ZAMORA;701;22.7;0.0;13.0;05:17;32.4;16:59;35;2.5;6.7;05:10;;;;;
2022-09-11;2565;CORESES;ZAMORA;701;24.7;0.0;15.7;05:53;33.7;14:55;19;3.9;12.2;14:20;;;;;
2022-09-12;2565;CORESES;ZAMORA;701;21.8;4.8;18.2;13:48;25.5;11:58;22;4.4;16.1;13:40;;;;;
2022-09-13;2565;CORESES;ZAMORA;701;18.6;9.8;15.7;;21.4;;19;5.0;20.6;14:40;;;;;
2022-09-14;2565;CORESES;ZAMORA;701;17.2;4.8;14.4;04:51;20.0;14:09;20;4.7;11.4;16:40;;;;;
2022-09-15;2565;CORESES;ZAMORA;701;20.3;0.2;15.3;00:28;25.3;16:31;29;1.1;6.9;12:10;;;;;
2022-09-16;2565;CORESES;ZAMORA;701;19.8;0.0;13.4;05:56;26.2;14:42;09;2.5;8.9;21:40;;;;;
2022-09-17;2565;CORESES;ZAMORA;701;17.6;0.0;11.2;05:57;24.1;15:07;04;3.1;8.6;11:00;;;;;
2022-09-18;2565;CORESES;ZAMORA;701;19.2;0.2;9.5;06:13;28.9;15:45;36;3.3;7.5;03:50;;;;;
2022-09-19;2565;CORESES;ZAMORA;701;21.4;0.0;15.3;05:27;27.6;15:03;27;2.2;8.6;19:10;;;;;
2022-09-20;2565;CORESES;ZAMORA;701;20.8;0.0;12.3;05:56;29.3;16:09;04;2.5;8.1;01:30;;;;;
2022-09-21;2565;CORESES;ZAMORA;701;19.6;0.0;10.6;06:16;28.6;16:15;35;1.7;6.7;04:10;;;;;
2022-09-22;2565;CORESES;ZAMORA;701;19.2;0.0;10.6;06:17;27.9;15:46;25;2.8;9.4;16:40;;;;;
2022-09-23;2565;CORESES;ZAMORA;701;19.8;0.0;12.4;06:12;27.2;13:39;27;4.2;11.1;15:50;;;;;
2022-09-24;2565;CORESES;ZAMORA;701;16.0;0.0;10.1;23:56;21.8;14:17;35;5.8;13.6;18:40;;;;;
2022-09-25;2565;CORESES;ZAMORA;701;12.6;0.0;6.0;05:43;19.1;15:22;06;5.3;13.9;11:20;;;;;
2022-09-26;2565;CORESES;ZAMORA;701;13.2;0.0;5.8;05:43;20.5;14:29;04;1.9;8.3;10:50;;;;;
2022-09-27;2565;CORESES;ZAMORA;701;15.4;0.0;6.5;05:13;24.4;16:21;36;3.3;9.2;19:20;;;;;
2022-09-28;2565;CORESES;ZAMORA;701;15.7;1.8;8.7;04:55;22.7;14:45;29;5.0;14.7;15:10;;;;;
2022-09-29;2565;CORESES;ZAMORA;701;;;10.5;;;;;;;;;;;;
2022-10-11;2565;CORESES;ZAMORA;701;16.8;0.0;11.3;05:50;22.3;14:07;05;3.1;9.4;16:10;;;;;
2022-10-12;2565;CORESES;ZAMORA;701;16.6;0.0;9.8;05:59;23.5;14:37;07;1.9;7.2;00:10;;;;;
2022-10-13;2565;CORESES;ZAMORA;701;17.2;0.0;9.1;05:38;25.4;15:12;24;2.5;7.2;15:20;;;;;
2022-10-14;2565;CORESES;ZAMORA;701;19.0;0.0;10.6;06:09;27.3;14:33;23;2.8;13.1;14:30;;;;;
2022-10-15;2565;CORESES;ZAMORA;701;16.8;0.0;8.6;05:57;25.0;13:55;28;3.6;10.3;15:20;;;;;
2022-10-16;2565;CORESES;ZAMORA;701;16.7;6.2;10.5;06:30;22.9;13:23;21;5.8;19.2;17:20;;;;;
2022-10-17;2565;CORESES;ZAMORA;701;17.9;0.2;13.4;06:56;22.4;15:31;10;3.3;9.4;01:00;;;;;
2022-10-18;2565;CORESES;ZAMORA;701;18.1;0.0;12.0;06:37;24.2;15:20;20;4.4;12.2;16:10;;;;;
2022-10-19;2565;CORESES;ZAMORA;701;15.2;21.4;11.1;23:24;19.4;11:18;21;5.0;17.5;11:30;;;;;
2022-10-20;2565;CORESES;ZAMORA;701;13.6;5.0;10.6;05:43;16.7;12:34;18;3.6;13.6;14:00;;;;;
2022-10-21;2565;CORESES;ZAMORA;701;14.2;0.0;11.1;02:45;17.4;13:40;24;4.4;13.6;14:50;;;;;
2022-10-22;2565;CORESES;ZAMORA;701;14.9;7.2;10.9;02:51;18.9;13:06;18;6.7;18.9;13:20;;;;;
2022-10-23;2565;CORESES;ZAMORA;701;14.4;0.0;11.2;06:46;17.5;14:39;22;10.8;20.8;10:20;;;;;
2022-10-24;2565;CORESES;ZAMORA;701;13.8;0.8;11.2;06:38;16.3;14:53;21;2.5;9.4;11:30;;;;;
2022-10-25;2565;CORESES;ZAMORA;701;15.3;0.0;11.0;06:00;19.6;13:13;22;6.1;20.0;13:10;;;;;
2022-10-26;2565;CORESES;ZAMORA;701;16.1;0.0;10.4;04:43;21.8;15:30;18;3.6;10.3;14:20;;;;;
2022-10-27;2565;CORESES;ZAMORA;701;19.6;0.0;15.4;06:16;23.8;14:47;19;5.8;13.3;15:00;;;;;
2022-10-28;2565;CORESES;ZAMORA;701;16.5;0.4;13.1;06:19;19.9;11:58;14;5.3;11.7;18:00;;;;;
2022-10-29;2565;CORESES;ZAMORA;701;16.9;13.4;13.2;21:02;20.6;11:00;29;3.3;13.1;14:10;;;;;
2022-10-30;2565;CORESES;ZAMORA;701;14.4;2.4;10.8;Varias;17.9;14:58;25;0.6;5.0;01:30;;;;;
2022-10-31;2565;CORESES;ZAMORA;701;13.4;1.2;10.6;Varias;16.1;14:42;20;5.3;17.2;10:20;;;;;
2022-11-01;2565;CORESES;ZAMORA;701;12.0;0.0;7.5;23:09;16.4;13:00;28;1.7;7.5;14:10;;;;;
2022-11-02;2565;CORESES;ZAMORA;701;9.0;0.8;3.8;06:56;14.3;14:05;35;2.2;6.1;03:40;;;;;
2022-11-03;2565;CORESES;ZAMORA;701;10.4;2.8;7.1;23:54;13.6;12:52;29;5.8;14.7;16:10;;;;;
2022-11-04;2565;CORESES;ZAMORA;701;8.7;0.0;2.5;05:54;14.9;14:01;32;1.1;4.7;11:10;;;;;
2022-11-05;2565;CORESES;ZAMORA;701;9.3;0.0;1.8;07:14;16.8;15:45;00;0.0;0.0;Varias;;;;;
2022-11-06;2565;CORESES;ZAMORA;701;8.8;0.0;3.7;04:09;13.8;11:57;27;2.5;8.6;15:10;;;;;
2022-11-07;2565;CORESES;ZAMORA;701;9.5;0.0;4.1;06:44;14.9;15:12;20;3.1;10.3;22:20;;;;;
2022-11-08;2565;CORESES;ZAMORA;701;13.0;1.0;10.5;23:42;15.4;12:13;23;7.8;13.9;12:00;;;;;
2022-11-09;2565;CORESES;ZAMORA;701;11.7;0.0;7.3;23:31;16.1;14:38;26;4.7;8.3;10:50;;;;;
2022-11-10;2565;CORESES;ZAMORA;701;12.1;0.0;7.1;23:59;17.1;15:08;06;2.2;7.2;20:10;;;;;
2022-11-11;2565;CORESES;ZAMORA;701;9.6;0.0;5.0;02:33;14.1;15:39;04;3.6;7.2;14:00;;;;;
2022-11-12;2565;CORESES;ZAMORA;701;12.3;0.0;6.2;07:39;18.4;15:05;13;5.0;12.8;11:50;;;;;
2022-11-13;2565;CORESES;ZAMORA;701;12.1;0.2;5.5;07:20;18.7;14:15;23;2.5;9.2;15:30;;;;;
2022-11-14;2565;CORESES;ZAMORA;701;12.4;0.0;9.6;01:00;15.1;13:10;25;5.8;11.7;13:30;;;;;
2022-11-15;2565;CORESES;ZAMORA;701;13.0;0.8;9.9;Varias;16.0;13:59;21;8.6;19.4;10:30;;;;;
2022-11-16;2565;CORESES;ZAMORA;701;11.8;3.0;9.7;Varias;13.8;22:52;23;8.3;16.1;13:30;;;;;
2022-11-17;2565;CORESES;ZAMORA;701;12.2;1.4;8.9;Varias;15.6;13:07;24;6.9;16.4;09:00;;;;;
2022-11-18;2565;CORESES;ZAMORA;701;8.2;0.0;4.0;23:34;12.4;13:48;30;6.1;12.8;13:50;;;;;
2022-11-19;2565;CORESES;ZAMORA;701;6.0;0.2;2.7;06:24;9.4;11:40;28;5.6;10.6;12:10;;;;;
2022-11-20;2565;CORESES;ZAMORA;701;11.4;2.4;7.0;00:01;15.9;13:58;21;5.6;12.8;23:30;;;;;
2022-11-21;2565;CORESES;ZAMORA;701;8.6;1.2;3.5;23:45;13.6;03:25;27;10.8;23.9;14:10;;;;;
2022-11-22;2565;CORESES;ZAMORA;701;8.6;3.4;3.5;00:48;13.6;20:51;22;8.3;14.4;23:59;;;;;
2022-11-23;2565;CORESES;ZAMORA;701;10.8;0.0;6.8;23:28;14.9;13:26;26;8.1;15.3;08:10;;;;;
2022-11-24;2565;CORESES;ZAMORA;701;9.8;9.4;6.1;01:02;13.5;12:04;21;3.9;16.7;12:10;;;;;
2022-11-25;2565;CORESES;ZAMORA;701;9.0;0.0;4.2;23:55;13.8;15:07;26;3.3;8.3;05:00;;;;;
2022-11-26;2565;CORESES;ZAMORA;701;5.6;0.0;-0.4;07:06;11.7;15:13;32;1.7;3.9;01:40;;;;;
2022-11-27;2565;CORESES;ZAMORA;701;4.0;4.0;-0.8;06:36;8.8;18:48;30;1.4;11.4;21:50;;;;;
2022-11-28;2565;CORESES;ZAMORA;701;6.4;0.0;1.5;06:36;11.2;15:05;26;4.7;11.7;14:00;;;;;
2022-11-29;2565;CORESES;ZAMORA;701;5.4;0.0;1.1;07:12;9.6;15:07;13;1.7;3.9;23:50;;;;;
2022-11-30;2565;CORESES;ZAMORA;701;2.8;0.4;-0.9;06:05;6.6;16:05;36;1.4;5.8;23:20;;;;;
2022-12-01;2565;CORESES;ZAMORA;701;5.4;0.0;0.6;05:13;10.2;14:06;04;4.4;8.9;14:40;;;;;
2022-12-02;2565;CORESES;ZAMORA;701;3.4;0.0;-1.4;07:13;8.2;14:54;04;3.3;5.8;13:20;;;;;
2022-12-03;2565;CORESES;ZAMORA;701;2.5;0.0;-3.1;05:53;8.1;15:26;36;1.4;5.8;01:20;;;;;
2022-12-04;2565;CORESES;ZAMORA;701;0.1;0.2;-3.8;06:02;4.0;23:06;12;1.7;5.0;23:59;;;;;
2022-12-05;2565;CORESES;ZAMORA;701;5.3;8.2;2.4;04:49;8.2;23:52;12;2.2;5.8;20:50;;;;;
2022-12-06;2565;CORESES;ZAMORA;701;8.2;0.0;6.0;Varias;10.5;15:05;34;2.2;5.3;05:20;;;;;
2022-12-07;2565;CORESES;ZAMORA;701;7.8;6.2;5.7;23:46;9.8;14:10;12;1.4;3.9;13:50;;;;;
2022-12-08;2565;CORESES;ZAMORA;701;9.2;18.8;5.8;Varias;12.7;14:12;24;5.0;11.7;18:00;;;;;
2022-12-09;2565;CORESES;ZAMORA;701;9.0;3.4;7.1;00:07;10.9;12:49;11;2.5;5.6;10:20;;;;;
2022-12-10;2565;CORESES;ZAMORA;701;7.2;18.0;5.4;08:36;9.0;13:20;02;1.9;6.4;00:20;;;;;
2022-12-11;2565;CORESES;ZAMORA;701;5.2;3.2;2.7;03:45;7.6;22:30;26;1.9;9.2;02:10;;;;;
2022-12-12;2565;CORESES;ZAMORA;701;11.0;13.6;6.9;01:52;15.2;14:24;99;7.5;21.1;Varias;;;;;
2022-12-13;2565;CORESES;ZAMORA;701;11.4;24.6;10.0;23:59;12.9;11:18;22;1.9;7.8;01:10;;;;;
2022-12-14;2565;CORESES;ZAMORA;701;10.6;2.6;8.2;23:01;13.1;13:22;22;3.3;10.8;16:40;;;;;
2022-12-15;2565;CORESES;ZAMORA;701;9.2;0.0;6.6;22:41;11.8;14:52;24;4.7;11.7;13:50;;;;;
2022-12-16;2565;CORESES;ZAMORA;701;8.3;0.0;5.7;20:59;10.9;15:36;04;3.6;7.2;19:40;;;;;
2022-12-17;2565;CORESES;ZAMORA;701;5.2;0.0;2.0;05:58;8.4;15:23;04;1.9;6.7;04:00;;;;;
2022-12-18;2565;CORESES;ZAMORA;701;8.7;0.0;4.4;07:01;13.0;15:14;18;3.1;6.9;12:20;;;;;
2022-12-19;2565;CORESES;ZAMORA;701;7.8;1.2;4.0;00:55;11.6;Varias;99;2.8;10.8;Varias;;;;;
2022-12-20;2565;CORESES;ZAMORA;701;10.8;6.6;8.0;21:25;13.5;14:37;27;4.2;16.1;15:20;;;;;
2022-12-21;2565;CORESES;ZAMORA;701;10.8;0.0;8.7;00:10;13.0;12:08;23;6.4;13.3;14:00;;;;;
2022-12-22;2565;CORESES;ZAMORA;701;12.2;0.0;10.1;02:11;14.4;13:24;24;6.4;13.3;14:00;;;;;
2022-12-23;2565;CORESES;ZAMORA;701;11.6;0.0;9.0;23:12;14.1;14:39;22;6.1;13.6;11:30;;;;;
2022-12-24;2565;CORESES;ZAMORA;701;10.8;0.2;7.9;04:26;13.8;12:12;20;4.7;13.6;12:40;;;;;
2022-12-25;2565;CORESES;ZAMORA;701;10.6;2.6;8.5;00:39;12.6;12:52;16;5.6;11.4;04:20;;;;;
2022-12-26;2565;CORESES;ZAMORA;701;10.6;1.8;7.6;05:58;13.7;12:39;13;1.7;5.3;00:20;;;;;
2022-12-27;2565;CORESES;ZAMORA;701;10.8;0.0;7.1;07:00;14.4;15:23;26;3.6;7.8;12:30;;;;;
2022-12-28;2565;CORESES;ZAMORA;701;9.8;0.2;6.5;05:10;13.0;13:32;24;5.0;12.8;12:10;;;;;
2022-12-29;2565;CORESES;ZAMORA;701;10.2;11.4;8.9;00:01;11.6;16:22;22;6.7;16.1;19:30;;;;;
2022-12-30;2565;CORESES;ZAMORA;701;11.4;0.0;9.1;23:44;13.8;Varias;22;10.0;16.9;12:40;;;;;
2022-12-31;2565;CORESES;ZAMORA;701;10.9;0.0;6.6;08:05;15.2;15:24;20;5.8;12.5;12:30;;;;;
2023-01-01;2565;CORESES;ZAMORA;701;12.0;3.6;8.5;23:44;15.4;13:21;21;8.1;16.1;13:20;;;;;
2023-01-02;2565;CORESES;ZAMORA;701;5.9;0.0;1.7;23:53;10.1;15:43;28;0.8;7.5;03:00;;;;;
2023-01-03;2565;CORESES;ZAMORA;701;0.6;0.0;-1.6;07:37;2.9;15:23;32;1.7;4.4;04:10;;;;;
2023-01-04;2565;CORESES;ZAMORA;701;0.4;0.0;-2.3;05:02;3.0;15:13;99;0.8;3.1;Varias;;;;;
2023-01-05;2565;CORESES;ZAMORA;701;0.1;0.0;-1.5;08:54;1.7;Varias;01;1.4;4.2;01:40;;;;;
2023-01-06;2565;CORESES;ZAMORA;701;1.2;0.0;-1.6;Varias;4.0;23:57;25;1.1;5.6;15:00;;;;;
2023-01-07;2565;CORESES;ZAMORA;701;7.4;7.8;3.9;00:01;11.0;15:34;21;7.2;18.6;13:10;;;;;
2023-01-08;2565;CORESES;ZAMORA;701;10.6;1.0;7.3;01:10;13.9;12:55;25;7.8;20.8;11:10;;;;;
2023-01-09;2565;CORESES;ZAMORA;701;7.4;0.0;4.3;Varias;10.5;14:21;29;6.1;12.5;07:00;;;;;
2023-01-10;2565;CORESES;ZAMORA;701;6.1;2.2;2.1;06:10;10.1;15:05;23;3.9;8.1;13:10;;;;;
2023-01-11;2565;CORESES;ZAMORA;701;7.7;0.2;3.0;23:54;12.4;15:39;35;2.8;9.2;11:30;;;;;
2023-01-12;2565;CORESES;ZAMORA;701;5.8;0.0;0.2;06:52;11.4;15:00;25;2.2;7.5;15:30;;;;;
2023-01-13;2565;CORESES;ZAMORA;701;6.4;0.0;2.7;01:56;10.2;14:55;22;1.7;5.0;01:00;;;;;
2023-01-14;2565;CORESES;ZAMORA;701;6.6;1.2;1.2;05:20;12.0;13:17;24;5.3;12.8;15:40;;;;;
2023-01-15;2565;CORESES;ZAMORA;701;6.3;0.0;2.9;21:35;9.7;15:23;22;6.7;13.1;23:50;;;;;
2023-01-16;2565;CORESES;ZAMORA;701;7.2;0.4;3.7;00:01;10.7;14:50;27;13.1;24.7;21:20;;;;;
2023-01-17;2565;CORESES;ZAMORA;701;5.2;0.4;0.8;23:56;9.7;01:58;28;11.4;23.6;06:10;;;;;
2023-01-18;2565;CORESES;ZAMORA;701;3.4;0.0;-0.3;23:52;7.0;13:52;30;7.2;15.6;15:30;;;;;
2023-01-19;2565;CORESES;ZAMORA;701;3.6;0.0;-1.2;05:32;8.5;23:59;25;7.2;15.0;16:50;;;;;
2023-01-20;2565;CORESES;ZAMORA;701;9.5;0.0;5.2;07:28;13.8;15:17;26;2.8;12.2;00:10;;;;;
2023-01-21;2565;CORESES;ZAMORA;701;4.0;0.0;1.0;23:53;7.0;00:08;08;3.3;8.6;23:00;;;;;
2023-01-22;2565;CORESES;ZAMORA;701;1.8;0.0;-2.8;07:59;6.5;15:08;06;3.1;6.4;12:50;;;;;
2023-01-23;2565;CORESES;ZAMORA;701;1.2;0.0;-4.3;05:50;6.6;15:51;36;1.7;5.3;19:10;;;;;
2023-01-24;2565;CORESES;ZAMORA;701;1.2;0.0;-4.1;07:31;6.5;15:14;08;2.8;8.6;16:10;;;;;
2023-01-25;2565;CORESES;ZAMORA;701;1.7;0.0;-3.4;04:20;6.8;15:51;06;3.1;8.6;11:20;;;;;
2023-01-26;2565;CORESES;ZAMORA;701;1.8;0.0;-3.3;Varias;7.0;15:53;02;1.1;4.4;16:30;;;;;
2023-01-27;2565;CORESES;ZAMORA;701;3.0;0.0;-2.4;06:12;8.3;14:17;02;4.2;11.7;16:40;;;;;
2023-01-28;2565;CORESES;ZAMORA;701;2.1;0.0;-4.2;07:51;8.4;15:34;06;5.0;10.3;16:50;;;;;
2023-01-29;2565;CORESES;ZAMORA;701;1.1;0.0;-4.0;06:30;6.2;13:35;05;4.4;13.6;11:40;;;;;
2023-01-30;2565;CORESES;ZAMORA;701;0.8;0.0;-4.8;05:04;6.5;15:21;33;2.5;6.1;05:10;;;;;
2023-01-31;2565;CORESES;ZAMORA;701;1.5;0.0;-5.2;07:16;8.2;13:21;04;1.7;6.1;21:20;;;;;
2023-02-01;2565;CORESES;ZAMORA;701;4.1;0.0;-2.6;01:59;10.8;15:08;04;5.6;12.2;16:30;;;;;
2023-02-02;2565;CORESES;ZAMORA;701;4.1;0.0;-3.1;06:14;11.3;16:07;36;3.6;6.1;08:50;;;;;
2023-02-03;2565;CORESES;ZAMORA;701;4.5;0.0;-3.7;07:22;12.7;16:16;36;1.4;6.4;01:10;;;;;
2023-02-04;2565;CORESES;ZAMORA;701;5.8;0.0;-3.6;07:36;15.2;15:59;36;1.4;5.8;03:20;;;;;
2023-02-05;2565;CORESES;ZAMORA;701;4.4;0.0;-3.1;07:38;11.8;14:16;04;5.8;11.4;Varias;;;;;
2023-02-06;2565;CORESES;ZAMORA;701;4.2;0.0;-2.5;07:41;10.9;14:58;05;5.8;12.8;11:30;;;;;
2023-02-07;2565;CORESES;ZAMORA;701;2.6;0.0;-4.0;05:14;9.2;14:46;10;4.7;11.9;23:10;;;;;
2023-02-08;2565;CORESES;ZAMORA;701;5.6;0.0;-0.3;07:48;11.4;15:44;08;3.9;13.6;00:50;;;;;
2023-02-09;2565;CORESES;ZAMORA;701;3.4;0.0;-3.8;07:22;10.5;14:07;08;3.9;11.7;22:30;;;;;
2023-02-10;2565;CORESES;ZAMORA;701;3.1;0.0;-4.9;07:12;11.1;16:00;99;2.5;8.6;13:30;;;;;
2023-02-11;2565;CORESES;ZAMORA;701;3.2;0.0;-4.8;06:38;11.3;15:07;11;4.2;12.5;10:00;;;;;
2023-02-12;2565;CORESES;ZAMORA;701;3.8;0.0;-3.8;06:39;11.5;15:29;12;3.6;11.4;11:40;;;;;
2023-02-13;2565;CORESES;ZAMORA;701;8.5;0.0;2.6;06:37;14.4;15:08;07;1.9;5.8;15:00;;;;;
2023-02-14;2565;CORESES;ZAMORA;701;7.4;0.0;-0.6;07:46;15.4;15:34;11;2.2;7.2;19:30;;;;;
2023-02-15;2565;CORESES;ZAMORA;701;6.2;0.0;-1.5;07:00;13.9;15:20;02;3.1;6.7;11:20;;;;;
2023-02-16;2565;CORESES;ZAMORA;701;7.8;0.0;-0.7;06:00;16.3;16:31;36;3.1;6.7;02:00;;;;;
2023-02-17;2565;CORESES;ZAMORA;701;8.5;0.0;-1.0;06:30;18.0;15:27;05;3.6;10.0;14:50;;;;;
2023-02-18;2565;CORESES;ZAMORA;701;6.4;0.0;-2.4;07:10;15.3;16:05;36;3.1;6.7;Varias;;;;;
2023-02-19;2565;CORESES;ZAMORA;701;11.2;0.0;3.8;07:29;18.5;15:59;35;2.8;6.7;07:30;;;;;
2023-02-20;2565;CORESES;ZAMORA;701;10.5;0.0;2.2;06:44;18.8;14:44;28;2.2;11.4;21:20;;;;;
2023-02-21;2565;CORESES;ZAMORA;701;9.4;0.0;3.9;07:05;14.8;14:01;31;2.2;7.2;10:00;;;;;
2023-02-22;2565;CORESES;ZAMORA;701;8.8;4.0;4.4;04:14;13.3;12:44;35;2.8;10.0;23:50;;;;;
2023-02-23;2565;CORESES;ZAMORA;701;1.9;10.0;-1.3;23:52;5.1;00:01;35;2.5;12.5;01:30;;;;;
2023-02-24;2565;CORESES;ZAMORA;701;2.1;0.0;-3.7;07:29;7.9;16:18;27;1.4;6.7;16:00;;;;;
2023-02-25;2565;CORESES;ZAMORA;701;1.2;0.0;-2.5;06:44;4.8;15:21;26;3.3;8.1;12:00;;;;;
2023-02-26;2565;CORESES;ZAMORA;701;4.3;0.0;-1.1;07:13;9.7;14:28;06;3.3;12.8;22:20;;;;;
2023-02-27;2565;CORESES;ZAMORA;701;1.6;0.0;-3.5;05:32;6.7;14:58;02;4.2;10.6;16:10;;;;;
2023-02-28;2565;CORESES;ZAMORA;701;0.9;0.0;-4.7;07:17;6.5;13:40;06;3.1;7.8;12:20;;;;;
2023-03-01;2565;CORESES;ZAMORA;701;2.2;0.0;-3.6;07:18;8.1;15:40;28;2.2;8.1;19:10;;;;;
2023-03-02;2565;CORESES;ZAMORA;701;3.2;0.0;-3.5;06:30;9.9;15:54;36;1.7;5.0;13:40;;;;;
2023-03-03;2565;CORESES;ZAMORA;701;3.8;0.0;-4.3;06:51;11.8;15:39;10;2.2;9.2;21:10;;;;;
2023-03-04;2565;CORESES;ZAMORA;701;3.8;0.0;-3.2;05:39;10.8;16:18;12;3.3;5.8;12:00;;;;;
2023-03-05;2565;CORESES;ZAMORA;701;2.2;1.2;-2.4;07:25;6.9;12:45;35;1.4;4.7;08:10;;;;;
2023-03-06;2565;CORESES;ZAMORA;701;9.0;0.6;4.9;Varias;13.0;15:04;26;3.3;10.3;13:30;;;;;
2023-03-07;2565;CORESES;ZAMORA;701;10.1;0.4;6.9;07:22;13.3;16:04;25;6.7;13.9;14:10;;;;;
2023-03-08;2565;CORESES;ZAMORA;701;13.1;9.2;10.0;00:01;16.2;12:07;22;11.1;21.7;13:30;;;;;
2023-03-09;2565;CORESES;ZAMORA;701;11.0;3.6;8.5;07:01;13.5;15:53;26;6.7;19.2;15:10;;;;;
2023-03-10;2565;CORESES;ZAMORA;701;12.3;0.0;7.7;05:47;16.9;15:32;28;7.2;15.0;13:10;;;;;
2023-03-11;2565;CORESES;ZAMORA;701;14.0;0.0;10.0;00:01;18.0;13:31;26;6.9;15.3;13:00;;;;;
2023-03-12;2565;CORESES;ZAMORA;701;14.3;0.0;7.6;06:31;21.0;14:10;23;3.1;6.7;14:20;;;;;
2023-03-13;2565;CORESES;ZAMORA;701;11.6;0.0;6.6;06:33;16.7;12:30;27;7.2;23.9;15:50;;;;;
2023-03-14;2565;CORESES;ZAMORA;701;9.1;0.0;4.1;05:38;14.1;13:56;26;4.7;10.8;14:30;;;;;
2023-03-15;2565;CORESES;ZAMORA;701;11.0;0.0;2.4;06:15;19.6;15:18;16;1.1;4.4;13:20;;;;;
2023-03-16;2565;CORESES;ZAMORA;701;12.8;0.0;4.0;06:29;21.7;14:57;20;2.8;11.7;16:20;;;;;
2023-03-17;2565;CORESES;ZAMORA;701;10.4;0.8;6.3;23:42;14.5;13:59;21;6.7;17.8;14:40;;;;;
2023-03-18;2565;CORESES;ZAMORA;701;10.6;0.0;5.2;04:59;15.9;15:06;28;6.1;13.1;16:10;;;;;
2023-03-19;2565;CORESES;ZAMORA;701;9.8;0.0;3.0;05:54;16.7;15:55;35;1.1;6.4;13:40;;;;;
2023-03-20;2565;CORESES;ZAMORA;701;10.9;0.0;1.9;05:42;19.9;15:09;25;3.1;8.1;14:40;;;;;
2023-03-21;2565;CORESES;ZAMORA;701;12.8;0.0;5.7;05:18;19.9;16:10;26;3.1;7.5;15:40;;;;;
2023-03-22;2565;CORESES;ZAMORA;701;12.7;0.0;5.9;06:23;19.5;13:56;26;3.6;9.4;12:20;;;;;
2023-03-23;2565;CORESES;ZAMORA;701;11.6;0.0;5.7;06:13;17.4;16:57;22;5.3;12.5;13:50;;;;;
2023-03-24;2565;CORESES;ZAMORA;701;11.9;0.0;6.5;24:00;17.3;13:20;24;7.2;14.2;13:00;;;;;
2023-03-25;2565;CORESES;ZAMORA;701;10.0;0.0;2.0;07:15;17.9;14:50;27;4.7;14.2;15:50;;;;;
2023-03-26;2565;CORESES;ZAMORA;701;11.0;0.0;5.7;24:00;16.4;15:07;26;6.9;16.7;09:10;;;;;
2023-03-27;2565;CORESES;ZAMORA;701;10.0;0.0;1.3;04:56;18.6;16:37;35;1.7;6.9;00:40;;;;;
2023-03-28;2565;CORESES;ZAMORA;701;13.6;0.0;2.8;06:23;24.3;15:45;25;2.8;9.4;15:20;;;;;
2023-03-29;2565;CORESES;ZAMORA;701;16.4;0.0;8.5;06:37;24.4;14:05;23;7.5;16.4;12:40;;;;;
2023-03-30;2565;CORESES;ZAMORA;701;14.0;0.4;9.0;06:53;18.9;15:27;26;6.7;14.7;14:20;;;;;
2023-03-31;2565;CORESES;ZAMORA;701;13.4;0.0;8.8;Varias;17.9;11:55;26;9.2;18.9;14:10;;;;;
2023-04-01;2565;CORESES;ZAMORA;701;11.2;0.0;4.8;23:53;17.5;15:23;26;8.1;16.4;15:40;;;;;
2023-04-02;2565;CORESES;ZAMORA;701;9.0;0.0;0.6;04:59;17.3;16:43;03;1.1;7.8;22:20;;;;;
2023-04-03;2565;CORESES;ZAMORA;701;8.0;0.0;0.3;05:34;15.7;15:42;10;1.9;6.9;01:00;;;;;
2023-04-04;2565;CORESES;ZAMORA;701;10.0;0.0;2.3;05:30;17.6;15:56;08;6.7;13.3;23:20;;;;;
2023-04-05;2565;CORESES;ZAMORA;701;8.8;0.0;-2.3;06:30;20.0;16:27;04;2.5;6.7;09:30;;;;;
2023-04-06;2565;CORESES;ZAMORA;701;11.6;0.0;1.4;05:57;21.9;15:54;35;3.1;6.4;03:50;;;;;
2023-04-07;2565;CORESES;ZAMORA;701;13.2;0.0;2.6;05:54;23.7;15:01;32;2.8;8.9;23:00;;;;;
2023-04-08;2565;CORESES;ZAMORA;701;16.0;0.0;6.4;05:50;25.5;16:37;23;0.8;5.3;13:30;;;;;
2023-04-09;2565;CORESES;ZAMORA;701;15.4;0.0;5.3;05:46;25.4;14:42;26;4.2;12.8;14:50;;;;;
2023-04-10;2565;CORESES;ZAMORA;701;16.2;0.0;9.1;05:05;23.2;15:45;27;5.3;11.1;18:30;;;;;
2023-04-11;2565;CORESES;ZAMORA;701;15.1;0.0;7.6;06:05;22.6;15:20;26;4.4;13.1;18:10;;;;;
2023-04-12;2565;CORESES;ZAMORA;701;9.4;0.0;3.4;23:55;15.5;14:45;28;7.2;16.9;15:10;;;;;
2023-04-13;2565;CORESES;ZAMORA;701;7.7;0.0;1.3;05:34;14.1;14:23;28;6.9;14.2;14:40;;;;;
2023-04-14;2565;CORESES;ZAMORA;701;12.6;0.0;7.6;05:22;17.6;14:42;25;10.3;18.6;14:20;;;;;
2023-04-15;2565;CORESES;ZAMORA;701;14.3;0.0;5.4;05:57;23.2;14:19;36;3.3;11.7;15:20;;;;;
2023-04-16;2565;CORESES;ZAMORA;701;13.2;0.0;4.6;05:59;21.8;16:05;04;3.1;8.9;14:20;;;;;
2023-04-17;2565;CORESES;ZAMORA;701;13.8;0.0;4.7;05:26;22.8;16:54;09;3.6;12.5;21:30;;;;;
2023-04-18;2565;CORESES;ZAMORA;701;12.0;0.0;2.3;04:56;21.6;Varias;07;2.5;6.9;08:20;;;;;
2023-04-19;2565;CORESES;ZAMORA;701;15.0;0.0;4.4;05:50;25.7;16:19;27;3.6;12.5;16:20;;;;;
2023-04-20;2565;CORESES;ZAMORA;701;16.4;0.0;7.5;06:05;25.4;15:14;22;5.6;12.8;14:20;;;;;
2023-04-21;2565;CORESES;ZAMORA;701;14.3;1.2;7.0;05:52;21.6;13:42;21;7.2;15.6;12:40;;;;;
2023-04-22;2565;CORESES;ZAMORA;701;12.2;0.0;6.6;05:42;17.8;14:50;25;5.6;11.1;14:40;;;;;
2023-04-23;2565;CORESES;ZAMORA;701;14.0;0.0;7.7;04:58;20.3;15:33;26;8.9;14.4;18:00;;;;;
2023-04-24;2565;CORESES;ZAMORA;701;14.4;0.0;7.1;05:13;21.8;14:17;26;5.6;11.9;17:30;;;;;
2023-04-25;2565;CORESES;ZAMORA;701;17.6;0.0;10.1;05:31;25.0;15:45;25;4.7;11.1;17:50;;;;;
2023-04-26;2565;CORESES;ZAMORA;701;17.8;0.0;10.3;05:16;25.4;16:00;29;3.1;10.3;15:40;;;;;
2023-04-27;2565;CORESES;ZAMORA;701;21.4;0.0;13.5;05:00;29.3;16:18;26;2.8;10.0;16:20;;;;;
2023-04-28;2565;CORESES;ZAMORA;701;20.1;0.0;11.7;05:15;28.5;13:11;26;5.6;13.9;14:00;;;;;
2023-04-29;2565;CORESES;ZAMORA;701;18.7;2.6;11.9;05:59;25.5;14:57;29;2.5;11.1;16:40;;;;;
2023-04-30;2565;CORESES;ZAMORA;701;16.8;0.0;10.8;06:39;22.7;14:26;11;2.2;8.1;22:20;;;;;
2023-05-01;2565;CORESES;ZAMORA;701;16.5;0.0;7.6;04:54;25.4;17:15;01;1.9;6.1;09:50;;;;;
2023-05-02;2565;CORESES;ZAMORA;701;18.3;0.0;8.5;05:43;28.1;15:11;10;2.8;7.2;23:59;;;;;
2023-05-03;2565;CORESES;ZAMORA;701;;;;;;;;5.8;;;;;;;
2023-05-13;2565;CORESES;ZAMORA;701;11.6;0.0;3.3;04:29;19.9;16:35;36;4.4;10.0;18:00;;;;;
2023-05-14;2565;CORESES;ZAMORA;701;14.0;0.0;6.3;05:21;21.6;15:10;99;2.8;10.0;Varias;;;;;
2023-05-15;2565;CORESES;ZAMORA;701;15.0;0.0;9.4;23:02;20.5;16:08;06;3.9;10.8;17:50;;;;;
2023-05-16;2565;CORESES;ZAMORA;701;11.7;0.0;3.8;05:02;19.6;15:11;04;3.9;11.7;15:40;;;;;
2023-05-17;2565;CORESES;ZAMORA;701;12.2;0.0;3.4;05:25;21.0;13:53;05;8.6;16.7;17:50;;;;;
2023-05-18;2565;CORESES;ZAMORA;701;10.7;0.0;2.7;05:22;18.7;15:29;07;8.6;15.8;11:10;;;;;
2023-05-19;2565;CORESES;ZAMORA;701;11.0;0.0;3.2;05:19;18.9;16:07;06;6.7;17.5;11:10;;;;;
2023-05-20;2565;CORESES;ZAMORA;701;12.3;0.0;5.6;03:18;19.0;16:23;06;5.6;13.9;22:40;;;;;
2023-05-21;2565;CORESES;ZAMORA;701;12.5;0.0;4.1;05:06;20.9;15:30;21;3.6;10.8;16:50;;;;;
2023-05-22;2565;CORESES;ZAMORA;701;17.0;0.0;9.4;04:26;24.5;15:10;04;5.6;14.2;22:30;;;;;
2023-05-23;2565;CORESES;ZAMORA;701;16.6;0.0;9.6;04:31;23.7;15:38;07;9.4;16.1;16:50;;;;;
2023-05-28;2565;CORESES;ZAMORA;701;18.4;11.0;12.9;02:55;24.0;14:49;88;3.6;28.3;15:20;;;;;
2023-05-29;2565;CORESES;ZAMORA;701;18.0;5.2;11.7;05:12;24.4;15:31;21;4.2;9.2;16:40;;;;;
2023-05-30;2565;CORESES;ZAMORA;701;19.4;15.6;12.8;03:20;26.0;15:57;11;3.6;12.8;17:40;;;;;
2023-05-31;2565;CORESES;ZAMORA;701;19.2;0.0;12.2;04:14;26.1;16:26;02;4.2;12.8;16:40;;;;;
2023-06-01;2565;CORESES;ZAMORA;701;17.9;3.4;11.7;23:36;24.1;13:01;20;3.1;13.9;14:30;;;;;
2023-06-02;2565;CORESES;ZAMORA;701;16.6;4.8;10.0;05:11;23.2;17:09;88;1.9;19.2;14:20;;;;;
2023-06-03;2565;CORESES;ZAMORA;701;20.2;4.6;13.3;03:56;27.0;16:15;06;3.3;12.5;18:30;;;;;
2023-06-04;2565;CORESES;ZAMORA;701;20.2;7.6;13.1;04:58;27.2;16:17;32;3.1;19.2;18:20;;;;;
2023-06-05;2565;CORESES;ZAMORA;701;20.3;0.0;13.7;05:27;26.9;14:21;20;2.8;11.9;14:50;;;;;
2023-06-06;2565;CORESES;ZAMORA;701;20.8;5.0;12.9;05:54;28.6;16:30;10;1.9;8.9;00:10;;;;;
2023-06-07;2565;CORESES;ZAMORA;701;19.2;23.4;16.1;10:58;22.2;15:11;10;3.9;10.0;01:10;;;;;
2023-06-08;2565;CORESES;ZAMORA;701;19.6;14.0;15.6;03:50;23.7;11:59;26;4.4;15.3;12:50;;;;;
2023-06-09;2565;CORESES;ZAMORA;701;18.4;19.8;14.3;05:01;22.4;15:24;22;4.2;14.2;13:50;;;;;
2023-06-10;2565;CORESES;ZAMORA;701;19.2;0.0;14.1;03:38;24.3;15:59;25;2.8;10.8;12:50;;;;;
2023-06-11;2565;CORESES;ZAMORA;701;20.1;0.0;13.8;05:27;26.4;15:14;26;3.6;10.8;16:40;;;;;
2023-06-12;2565;CORESES;ZAMORA;701;20.0;0.4;14.3;05:16;25.7;12:34;28;3.1;17.2;16:10;;;;;
2023-06-13;2565;CORESES;ZAMORA;701;18.3;2.4;11.9;04:41;24.7;14:57;34;4.7;16.9;16:10;;;;;
2023-06-14;2565;CORESES;ZAMORA;701;20.1;0.0;12.9;04:57;27.3;16:06;17;1.1;6.4;11:30;;;;;
2023-06-15;2565;CORESES;ZAMORA;701;22.0;0.0;13.6;04:36;30.3;15:08;16;2.2;6.9;12:00;;;;;
2023-06-16;2565;CORESES;ZAMORA;701;24.3;0.0;16.0;03:56;32.6;15:46;23;3.6;8.1;16:20;;;;;
2023-06-17;2565;CORESES;ZAMORA;701;24.3;0.0;17.0;05:10;31.6;14:05;26;5.3;13.3;15:40;;;;;
2023-06-18;2565;CORESES;ZAMORA;701;21.4;0.0;16.4;04:45;26.4;13:28;29;4.7;10.3;13:00;;;;;
2023-07-14;2565;CORESES;ZAMORA;701;24.6;0.0;16.3;05:47;33.0;15:23;26;6.1;15.6;15:40;;;;;
2023-07-15;2565;CORESES;ZAMORA;701;20.6;0.0;15.1;24:00;26.1;15:24;28;6.4;13.6;13:30;;;;;
2023-07-16;2565;CORESES;ZAMORA;701;20.0;0.0;10.8;05:25;29.3;16:09;02;3.6;9.7;23:20;;;;;
2023-07-17;2565;CORESES;ZAMORA;701;23.2;0.0;11.3;05:11;35.2;18:16;02;3.1;7.8;00:10;;;;;
2023-07-18;2565;CORESES;ZAMORA;701;27.6;0.0;18.8;04:52;36.4;15:01;25;5.0;11.7;12:30;;;;;
2023-07-19;2565;CORESES;ZAMORA;701;24.6;0.0;14.6;04:56;34.7;15:48;25;3.9;11.4;14:10;;;;;
2023-07-20;2565;CORESES;ZAMORA;701;22.8;0.0;14.1;05:39;31.4;16:30;27;5.0;14.7;15:30;;;;;
2023-07-21;2565;CORESES;ZAMORA;701;21.0;0.0;13.7;05:12;28.3;16:05;99;2.8;11.7;21:40;;;;;
2023-07-22;2565;CORESES;ZAMORA;701;22.6;0.0;13.3;Varias;31.8;18:08;99;3.1;7.8;06:50;;;;;
2023-07-23;2565;CORESES;ZAMORA;701;23.8;0.0;14.9;05:01;32.6;14:28;27;4.7;12.2;14:30;;;;;
2023-07-24;2565;CORESES;ZAMORA;701;20.4;0.0;14.0;05:17;26.9;15:08;24;6.4;13.6;14:10;;;;;
2023-07-25;2565;CORESES;ZAMORA;701;19.8;0.0;11.5;05:15;28.0;16:32;04;2.5;10.3;23:40;;;;;
2023-07-26;2565;CORESES;ZAMORA;701;21.6;0.0;12.1;05:01;31.2;16:12;04;1.7;8.6;00:10;;;;;
2023-07-27;2565;CORESES;ZAMORA;701;24.0;0.0;14.3;05:27;33.6;14:28;26;5.3;13.6;15:50;;;;;
2023-07-28;2565;CORESES;ZAMORA;701;23.0;0.0;13.8;05:42;32.1;15:48;26;3.9;13.1;16:00;;;;;
2023-07-29;2565;CORESES;ZAMORA;701;23.8;0.0;16.4;04:49;31.1;15:31;28;5.3;17.2;16:00;;;;;
2023-07-30;2565;CORESES;ZAMORA;701;23.8;0.0;14.8;05:12;32.7;17:18;33;2.8;7.8;15:20;;;;;
2023-07-31;2565;CORESES;ZAMORA;701;24.5;0.0;14.4;05:23;34.6;15:14;26;5.3;10.8;18:00;;;;;
2023-08-01;2565;CORESES;ZAMORA;701;23.8;0.0;14.1;05:17;33.5;16:15;23;3.9;10.3;12:30;;;;;
2023-08-02;2565;CORESES;ZAMORA;701;22.8;0.0;15.9;05:02;29.7;13:53;29;8.1;15.0;13:50;;;;;
2023-08-03;2565;CORESES;ZAMORA;701;19.4;0.0;11.1;05:45;27.7;15:42;01;5.6;13.3;20:40;;;;;
2023-08-04;2565;CORESES;ZAMORA;701;18.6;0.0;10.0;05:24;27.3;16:39;09;3.1;12.2;22:30;;;;;
2023-08-05;2565;CORESES;ZAMORA;701;22.4;0.0;10.7;05:28;34.0;17:06;36;3.3;9.7;19:10;;;;;
2023-08-06;2565;CORESES;ZAMORA;701;22.8;0.0;14.4;05:58;31.3;15:14;09;2.8;13.6;21:40;;;;;
2023-08-07;2565;CORESES;ZAMORA;701;22.2;0.0;10.6;05:29;33.8;17:40;02;2.8;7.2;07:00;;;;;
2023-08-08;2565;CORESES;ZAMORA;701;26.8;0.0;15.0;05:32;38.5;16:46;35;2.8;6.9;07:40;;;;;
2023-08-09;2565;CORESES;ZAMORA;701;28.8;0.0;19.1;05:16;38.4;15:21;20;5.3;11.9;16:10;;;;;
2023-08-10;2565;CORESES;ZAMORA;701;26.0;0.0;15.9;05:37;36.0;16:14;22;3.1;7.8;15:50;;;;;
2023-08-11;2565;CORESES;ZAMORA;701;26.5;0.0;16.4;05:26;36.6;14:02;26;3.6;11.4;17:10;;;;;
2023-08-12;2565;CORESES;ZAMORA;701;26.2;0.0;18.2;05:17;34.1;15:57;27;3.3;12.8;15:20;;;;;
2023-08-13;2565;CORESES;ZAMORA;701;24.8;0.0;15.4;05:17;34.3;16:07;08;2.8;7.8;11:20;;;;;
2023-08-14;2565;CORESES;ZAMORA;701;25.1;0.0;17.0;04:33;33.2;16:05;28;5.0;11.7;15:00;;;;;
2023-08-15;2565;CORESES;ZAMORA;701;23.2;0.0;14.8;05:48;31.5;15:14;34;1.9;8.3;23:00;;;;;
2023-08-16;2565;CORESES;ZAMORA;701;24.1;0.0;15.1;05:43;33.1;16:30;04;3.3;10.0;00:30;;;;;
2023-08-17;2565;CORESES;ZAMORA;701;24.4;0.0;15.0;05:42;33.7;15:58;22;4.4;12.5;16:10;;;;;
2023-08-18;2565;CORESES;ZAMORA;701;24.3;0.0;16.8;05:39;31.8;16:10;21;5.8;13.3;14:10;;;;;
2023-08-19;2565;CORESES;ZAMORA;701;26.4;0.0;18.4;05:00;34.4;15:48;26;4.4;10.0;14:50;;;;;
2023-08-20;2565;CORESES;ZAMORA;701;28.4;0.0;19.4;05:46;37.5;17:07;18;1.4;7.8;15:40;;;;;
2023-08-21;2565;CORESES;ZAMORA;701;28.2;0.0;18.3;05:35;38.2;17:32;35;2.2;6.4;05:20;;;;;
2023-08-22;2565;CORESES;ZAMORA;701;30.6;0.0;19.7;05:59;41.4;15:24;33;3.3;8.3;23:20;;;;;
2023-08-23;2565;CORESES;ZAMORA;701;29.8;0.0;20.0;06:16;39.5;14:16;10;3.6;11.1;15:40;;;;;
2023-08-24;2565;CORESES;ZAMORA;701;29.3;0.0;21.0;04:48;37.6;14:51;26;5.6;13.9;15:20;;;;;
2023-08-25;2565;CORESES;ZAMORA;701;25.2;0.0;16.8;05:36;33.5;15:40;26;6.7;16.4;16:20;;;;;
2023-08-26;2565;CORESES;ZAMORA;701;20.3;0.0;13.7;05:57;26.9;13:36;35;5.8;15.0;20:30;;;;;
2023-08-27;2565;CORESES;ZAMORA;701;16.8;0.0;9.8;05:16;23.8;16:00;36;5.3;13.6;10:50;;;;;
2023-08-28;2565;CORESES;ZAMORA;701;19.2;0.0;10.6;05:23;27.8;15:23;36;5.0;12.2;18:40;;;;;
2023-08-29;2565;CORESES;ZAMORA;701;20.0;0.0;12.6;05:31;27.5;14:09;36;1.9;10.8;19:10;;;;;
2023-08-30;2565;CORESES;ZAMORA;701;19.8;0.0;12.1;05:06;27.4;14:44;35;1.7;9.4;15:00;;;;;
2023-08-31;2565;CORESES;ZAMORA;701;21.2;0.0;11.7;05:59;30.6;16:35;02;3.1;8.3;02:10;;;;;
2023-09-01;2565;CORESES;ZAMORA;701;22.5;0.0;14.7;06:00;30.3;14:45;24;4.4;11.4;13:40;;;;;
2023-09-02;2565;CORESES;ZAMORA;701;18.0;0.0;13.6;06:11;22.3;11:47;11;4.2;13.6;14:40;;;;;
2023-09-03;2565;CORESES;ZAMORA;701;19.0;32.8;14.6;Varias;23.5;12:59;11;4.7;15.0;15:30;;;;;
2023-09-04;2565;CORESES;ZAMORA;701;20.0;0.0;15.0;02:36;25.1;15:33;05;4.2;10.0;00:10;;;;;
2023-09-05;2565;CORESES;ZAMORA;701;20.4;0.0;15.1;05:29;25.7;14:39;17;2.5;8.3;13:00;;;;;
2023-09-06;2565;CORESES;ZAMORA;701;22.0;0.0;14.6;05:14;29.4;16:56;99;1.7;6.1;12:50;;;;;
2023-09-07;2565;CORESES;ZAMORA;701;23.2;2.6;17.3;06:09;29.2;Varias;12;2.2;9.2;18:20;;;;;
2023-09-08;2565;CORESES;ZAMORA;701;23.6;0.0;17.5;03:09;29.7;14:59;13;2.5;10.8;02:50;;;;;
2023-09-09;2565;CORESES;ZAMORA;701;22.0;0.0;17.7;06:36;26.4;13:13;19;4.7;10.8;13:10;;;;;
2023-09-10;2565;CORESES;ZAMORA;701;22.4;0.0;16.8;05:27;28.0;14:47;22;2.5;10.8;14:50;;;;;
2023-09-11;2565;CORESES;ZAMORA;701;19.4;0.0;14.7;05:31;24.0;15:31;26;4.2;10.3;17:10;;;;;
2023-09-12;2565;CORESES;ZAMORA;701;20.6;14.2;14.6;23:51;26.6;14:22;06;3.3;17.2;17:10;;;;;
2023-09-13;2565;CORESES;ZAMORA;701;19.0;0.0;12.5;05:49;25.6;16:30;03;3.6;8.3;23:40;;;;;
2023-09-14;2565;CORESES;ZAMORA;701;20.8;0.0;13.1;05:42;28.4;15:15;03;2.8;7.2;06:10;;;;;
2023-09-15;2565;CORESES;ZAMORA;701;20.8;9.4;15.4;23:56;26.2;12:57;88;3.1;21.7;18:10;;;;;
2023-09-16;2565;CORESES;ZAMORA;701;16.4;14.8;13.2;20:01;19.6;10:56;18;;13.3;12:30;;;;;
2023-09-17;2565;CORESES;ZAMORA;701;16.8;4.6;13.3;06:10;20.3;13:15;20;5.6;15.0;12:10;;;;;
2023-09-18;2565;CORESES;ZAMORA;701;16.8;0.0;11.9;05:44;21.8;Varias;27;3.3;7.8;08:50;;;;;
2023-09-19;2565;CORESES;ZAMORA;701;18.1;0.0;11.0;05:33;25.2;17:09;34;1.7;4.7;14:20;;;;;
2023-09-20;2565;CORESES;ZAMORA;701;17.7;0.2;12.3;06:13;23.1;14:49;26;4.7;14.7;15:30;;;;;
2023-09-21;2565;CORESES;ZAMORA;701;14.2;1.6;10.2;23:47;18.2;13:09;27;8.9;16.7;12:10;;;;;
2023-09-22;2565;CORESES;ZAMORA;701;14.8;0.0;9.1;03:13;20.4;15:31;28;4.2;12.5;16:10;;;;;
2023-09-23;2565;CORESES;ZAMORA;701;15.8;0.0;8.1;05:36;23.5;16:33;25;1.1;6.4;13:10;;;;;
2023-09-24;2565;CORESES;ZAMORA;701;17.8;0.0;8.2;06:13;27.5;16:30;21;2.5;6.4;15:00;;;;;
2023-09-25;2565;CORESES;ZAMORA;701;19.9;0.0;10.2;06:17;29.6;16:00;35;1.7;6.1;05:40;;;;;
2023-09-26;2565;CORESES;ZAMORA;701;20.8;0.0;12.0;05:27;29.5;15:48;23;1.7;5.3;15:30;;;;;
2023-09-27;2565;CORESES;ZAMORA;701;20.0;0.0;12.5;06:13;27.5;13:06;99;3.3;10.3;Varias;;;;;
2023-09-28;2565;CORESES;ZAMORA;701;20.0;0.0;11.5;06:26;28.6;15:39;26;2.5;7.2;16:10;;;;;
2023-09-29;2565;CORESES;ZAMORA;701;22.6;0.0;14.0;Varias;31.2;15:34;99;1.7;4.2;Varias;;;;;
2023-09-30;2565;CORESES;ZAMORA;701;22.8;0.0;12.9;05:48;32.6;15:54;34;2.5;6.7;05:10;;;;;
2023-10-01;2565;CORESES;ZAMORA;701;23.2;0.0;13.8;06:10;32.7;15:54;99;1.9;5.0;Varias;;;;;
2023-10-02;2565;CORESES;ZAMORA;701;23.0;0.0;13.2;05:45;32.8;14:15;22;2.5;11.7;14:10;;;;;
2023-10-03;2565;CORESES;ZAMORA;701;21.1;0.0;13.3;06:36;28.9;15:57;06;1.9;8.6;21:10;;;;;
2023-10-04;2565;CORESES;ZAMORA;701;20.0;0.0;11.6;06:34;28.4;15:58;28;3.3;6.7;17:10;;;;;
2023-10-05;2565;CORESES;ZAMORA;701;20.3;0.0;10.3;05:22;30.3;15:08;30;2.2;5.8;16:20;;;;;
2023-10-06;2565;CORESES;ZAMORA;701;22.2;0.0;12.0;05:48;32.4;16:00;04;3.1;7.2;20:10;;;;;
2023-10-07;2565;CORESES;ZAMORA;701;21.4;0.0;11.8;06:36;31.0;15:08;36;3.3;6.4;23:59;;;;;
2023-10-08;2565;CORESES;ZAMORA;701;20.4;0.0;11.3;06:25;29.5;14:19;36;1.9;6.1;00:40;;;;;
2023-10-09;2565;CORESES;ZAMORA;701;21.5;0.0;12.2;05:18;30.8;13:49;35;2.2;6.9;03:40;;;;;
2023-10-10;2565;CORESES;ZAMORA;701;18.6;0.0;8.8;06:30;28.5;14:15;36;0.8;6.4;04:00;;;;;
2023-10-11;2565;CORESES;ZAMORA;701;18.8;0.0;8.8;06:37;28.8;14:20;35;1.1;5.6;04:20;;;;;
2023-10-12;2565;CORESES;ZAMORA;701;21.0;0.0;11.5;06:28;30.5;14:41;19;2.2;8.3;14:30;;;;;
2023-10-13;2565;CORESES;ZAMORA;701;17.2;2.8;13.3;05:55;21.1;11:54;25;2.2;10.6;14:10;;;;;
2023-10-14;2565;CORESES;ZAMORA;701;18.3;0.0;13.2;06:01;23.4;15:44;26;0.8;5.3;11:30;;;;;
2023-10-15;2565;CORESES;ZAMORA;701;12.9;4.6;10.4;Varias;15.4;13:47;22;1.9;5.0;22:40;;;;;
2023-10-16;2565;CORESES;ZAMORA;701;16.4;0.6;13.6;Varias;19.2;13:28;22;3.3;8.3;13:20;;;;;
2023-10-17;2565;CORESES;ZAMORA;701;18.1;0.8;14.0;06:57;22.2;12:46;20;10.0;23.3;13:00;;;;;
2023-10-18;2565;CORESES;ZAMORA;701;16.2;14.2;13.0;Varias;19.5;15:16;99;8.1;15.8;Varias;;;;;
2023-10-19;2565;CORESES;ZAMORA;701;12.6;4.0;10.3;22:24;14.8;08:25;21;8.3;14.7;09:20;;;;;
2023-10-20;2565;CORESES;ZAMORA;701;11.0;0.0;7.4;23:49;14.6;13:51;25;10.6;17.8;09:00;;;;;
2023-10-21;2565;CORESES;ZAMORA;701;10.3;0.0;6.2;02:44;14.4;14:17;26;3.1;8.1;11:10;;;;;
2023-10-22;2565;CORESES;ZAMORA;701;12.8;0.0;9.5;06:49;16.2;12:52;12;5.0;12.2;18:50;;;;;
2023-10-23;2565;CORESES;ZAMORA;701;9.8;1.6;7.3;23:59;12.3;14:54;28;3.6;8.9;15:10;;;;;
2023-10-24;2565;CORESES;ZAMORA;701;9.4;3.8;5.7;02:11;13.2;10:55;21;5.6;15.6;11:10;;;;;
2023-10-25;2565;CORESES;ZAMORA;701;14.2;0.4;12.1;Varias;16.4;Varias;23;8.3;15.6;15:50;;;;;
2023-10-26;2565;CORESES;ZAMORA;701;13.0;5.0;9.2;23:48;16.8;09:24;22;8.9;21.7;10:00;;;;;
2023-10-27;2565;CORESES;ZAMORA;701;12.2;2.4;9.4;00:01;15.0;14:07;26;8.1;16.7;14:00;;;;;
2023-10-28;2565;CORESES;ZAMORA;701;13.8;7.8;10.5;05:52;17.2;14:41;23;9.4;19.7;13:20;;;;;
2023-10-29;2565;CORESES;ZAMORA;701;12.2;11.4;10.6;20:12;13.7;00:36;22;3.9;17.5;01:40;;;;;
2023-10-30;2565;CORESES;ZAMORA;701;10.4;0.0;7.5;06:37;13.2;14:51;25;6.7;15.0;12:50;;;;;
2023-10-31;2565;CORESES;ZAMORA;701;;;;;;;99;3.1;8.9;Varias;;;;;
2023-11-01;2565;CORESES;ZAMORA;701;12.8;9.4;10.6;00:01;15.1;14:26;22;8.1;20.3;22:50;;;;;
2023-11-02;2565;CORESES;ZAMORA;701;9.8;2.8;4.7;19:53;14.9;03:04;22;11.9;25.0;03:10;;;;;
2023-11-03;2565;CORESES;ZAMORA;701;9.2;1.0;6.6;00:01;11.8;12:25;28;7.2;18.3;11:20;;;;;
2023-11-04;2565;CORESES;ZAMORA;701;11.1;4.4;8.1;22:39;14.1;13:54;26;13.1;24.4;15:00;;;;;
2023-11-05;2565;CORESES;ZAMORA;701;9.4;0.0;6.5;23:25;12.2;12:33;99;8.6;15.3;Varias;;;;;
2023-11-06;2565;CORESES;ZAMORA;701;7.0;0.2;2.6;23:59;11.4;12:45;28;4.7;12.8;11:10;;;;;
2023-11-07;2565;CORESES;ZAMORA;701;7.2;1.0;2.5;Varias;12.0;15:15;27;5.3;11.1;14:10;;;;;
2023-11-08;2565;CORESES;ZAMORA;701;8.4;1.6;5.2;00:16;11.5;23:05;23;5.0;14.2;23:50;;;;;
2023-11-09;2565;CORESES;ZAMORA;701;10.0;0.0;6.6;07:00;13.5;13:36;22;5.0;13.6;00:10;;;;;
2023-11-10;2565;CORESES;ZAMORA;701;10.4;1.4;7.4;06:15;13.4;23:59;99;5.3;11.7;Varias;;;;;
2023-11-11;2565;CORESES;ZAMORA;701;15.1;1.0;12.4;22:44;17.8;13:08;26;6.1;15.8;16:10;;;;;
2023-11-12;2565;CORESES;ZAMORA;701;15.4;0.4;12.4;00:52;18.4;13:15;25;5.0;11.1;14:40;;;;;
2023-11-13;2565;CORESES;ZAMORA;701;14.4;0.0;12.1;23:24;16.7;12:11;25;5.0;12.5;11:10;;;;;
2023-11-14;2565;CORESES;ZAMORA;701;14.0;0.0;12.0;06:58;16.1;14:55;25;3.3;9.2;10:20;;;;;
2023-11-15;2565;CORESES;ZAMORA;701;14.6;0.0;12.4;07:35;16.9;15:08;22;4.2;6.9;01:50;;;;;
2023-11-16;2565;CORESES;ZAMORA;701;15.6;0.0;12.6;07:21;18.7;12:22;25;4.7;11.1;15:30;;;;;
2023-11-17;2565;CORESES;ZAMORA;701;14.4;0.0;10.3;03:20;18.6;15:59;99;1.1;3.6;Varias;;;;;
2023-11-18;2565;CORESES;ZAMORA;701;9.6;0.0;5.8;05:42;13.3;15:18;34;0.0;0.6;14:20;;;;;
2023-11-19;2565;CORESES;ZAMORA;701;8.7;0.2;7.6;09:38;9.8;14:49;08;0.0;0.8;12:40;;;;;
2023-11-20;2565;CORESES;ZAMORA;701;7.8;0.0;6.5;08:44;9.0;00:01;00;0.0;0.0;Varias;;;;;
2023-11-21;2565;CORESES;ZAMORA;701;7.6;0.0;2.9;05:20;12.2;14:05;35;4.4;12.5;13:10;;;;;
2023-11-22;2565;CORESES;ZAMORA;701;7.3;0.0;0.4;06:58;14.2;14:41;06;3.1;12.2;22:00;;;;;
2023-11-23;2565;CORESES;ZAMORA;701;8.1;0.0;2.4;03:38;13.8;14:10;06;4.2;11.9;12:20;;;;;
2023-11-24;2565;CORESES;ZAMORA;701;7.7;0.0;0.4;06:55;15.0;15:35;06;1.9;6.9;05:20;;;;;
2023-11-25;2565;CORESES;ZAMORA;701;5.2;0.0;0.1;07:32;10.2;15:17;02;1.1;5.8;06:30;;;;;
2023-11-26;2565;CORESES;ZAMORA;701;4.4;0.0;0.1;Varias;8.7;14:39;20;1.7;3.3;15:10;;;;;
2023-11-27;2565;CORESES;ZAMORA;701;9.0;3.6;3.7;05:12;14.3;15:05;26;5.0;10.3;14:20;;;;;
2023-11-28;2565;CORESES;ZAMORA;701;11.0;0.4;8.7;01:23;13.3;14:02;26;3.1;7.5;10:30;;;;;
2023-11-29;2565;CORESES;ZAMORA;701;12.8;0.6;10.0;07:21;15.7;15:08;22;6.4;16.7;11:40;;;;;
2023-11-30;2565;CORESES;ZAMORA;701;9.2;17.8;5.4;23:58;13.0;03:25;23;5.0;12.8;03:20;;;;;
2023-12-01;2565;CORESES;ZAMORA;701;5.4;0.0;2.0;07:24;8.7;14:33;27;5.6;11.1;12:20;;;;;
2023-12-02;2565;CORESES;ZAMORA;701;5.6;0.0;1.0;07:30;10.3;14:41;27;2.5;6.7;00:40;;;;;
2023-12-03;2565;CORESES;ZAMORA;701;4.4;0.6;-0.8;07:31;9.5;12:09;21;5.0;11.1;13:00;;;;;
2023-12-04;2565;CORESES;ZAMORA;701;7.0;2.0;2.5;24:00;11.5;13:35;22;6.7;15.0;02:40;;;;;
2023-12-05;2565;CORESES;ZAMORA;701;3.0;0.0;-0.3;08:11;6.2;13:09;34;1.9;5.6;23:59;;;;;
2023-12-06;2565;CORESES;ZAMORA;701;2.3;0.8;-1.0;05:42;5.6;15:18;35;0.8;5.8;00:30;;;;;
2023-12-07;2565;CORESES;ZAMORA;701;6.0;10.0;2.0;01:14;10.1;12:10;19;4.7;11.1;17:20;;;;;
2023-12-08;2565;CORESES;ZAMORA;701;7.0;0.0;4.2;06:54;9.9;12:15;27;5.0;11.4;12:00;;;;;
2023-12-09;2565;CORESES;ZAMORA;701;11.6;0.0;7.8;00:19;15.3;15:30;26;5.3;13.6;13:50;;;;;
2023-12-10;2565;CORESES;ZAMORA;701;13.0;0.0;10.5;23:09;15.4;13:35;24;3.6;9.7;03:00;;;;;
2023-12-11;2565;CORESES;ZAMORA;701;12.8;0.0;9.9;00:58;15.6;13:00;23;3.1;10.6;11:50;;;;;
2023-12-12;2565;CORESES;ZAMORA;701;11.6;4.4;8.9;23:57;14.3;13:47;24;5.0;17.2;14:00;;;;;
2023-12-13;2565;CORESES;ZAMORA;701;7.2;0.0;3.3;23:45;11.1;14:21;26;8.1;12.5;08:40;;;;;
2023-12-14;2565;CORESES;ZAMORA;701;6.5;0.0;1.1;05:42;11.9;14:42;28;1.4;5.3;00:30;;;;;
2023-12-15;2565;CORESES;ZAMORA;701;5.8;0.0;-0.5;07:47;12.2;14:06;03;1.7;6.7;23:20;;;;;
2023-12-16;2565;CORESES;ZAMORA;701;2.7;0.0;-0.5;06:12;5.9;15:42;04;2.2;6.7;02:00;;;;;
2023-12-17;2565;CORESES;ZAMORA;701;0.4;0.0;-1.5;24:00;2.4;02:07;06;1.4;5.0;20:40;;;;;
2023-12-18;2565;CORESES;ZAMORA;701;-1.4;0.0;-2.3;07:17;-0.5;13:07;07;1.1;4.4;00:40;;;;;
2023-12-19;2565;CORESES;ZAMORA;701;-1.6;1.4;-2.6;07:43;-0.6;Varias;34;1.1;3.6;18:10;;;;;
2023-12-20;2565;CORESES;ZAMORA;701;3.0;0.0;-0.9;01:28;6.9;15:25;16;1.4;4.2;15:50;;;;;
2023-12-21;2565;CORESES;ZAMORA;701;3.7;0.0;-1.1;02:39;8.5;14:39;26;1.4;3.3;00:40;;;;;
2023-12-22;2565;CORESES;ZAMORA;701;0.3;0.0;-2.4;Varias;3.0;15:48;35;1.4;5.6;05:10;;;;;
2023-12-23;2565;CORESES;ZAMORA;701;0.8;0.0;-2.8;02:22;4.4;16:09;35;1.4;4.7;00:30;;;;;
2023-12-24;2565;CORESES;ZAMORA;701;1.2;0.0;-0.1;Varias;2.4;00:01;36;2.2;5.0;00:30;;;;;
2023-12-25;2565;CORESES;ZAMORA;701;-0.8;0.0;-1.8;08:24;0.3;14:43;99;1.4;4.2;Varias;;;;;
2023-12-26;2565;CORESES;ZAMORA;701;-1.1;0.0;-2.4;Varias;0.2;15:22;11;1.9;4.2;07:00;;;;;
2023-12-27;2565;CORESES;ZAMORA;701;-0.4;0.0;-2.8;08:22;2.0;15:54;13;1.9;7.2;17:40;;;;;
2023-12-28;2565;CORESES;ZAMORA;701;3.6;0.0;0.0;02:04;7.2;15:11;33;1.9;5.0;14:00;;;;;
2023-12-29;2565;CORESES;ZAMORA;701;7.8;1.2;5.0;06:37;10.6;15:44;99;1.4;3.3;Varias;;;;;
2023-12-30;2565;CORESES;ZAMORA;701;7.4;3.2;4.7;07:38;10.0;14:47;22;2.2;10.3;23:59;;;;;
2023-12-31;2565;CORESES;ZAMORA;701;6.8;0.0;3.7;23:36;9.8;14:49;23;5.3;14.4;05:30;;;;;
2024-01-01;2565;CORESES;ZAMORA;701;5.8;0.2;1.6;Varias;9.9;13:30;25;4.2;8.1;15:00;;;;;
2024-01-02;2565;CORESES;ZAMORA;701;8.7;8.8;5.1;00:06;12.3;20:31;99;7.2;13.9;13:40;;;;;
2024-01-03;2565;CORESES;ZAMORA;701;8.8;0.2;6.0;23:56;11.7;02:38;23;5.0;10.3;04:00;;;;;
2024-01-04;2565;CORESES;ZAMORA;701;7.4;4.4;4.2;23:36;10.7;15:45;31;0.8;10.8;19:00;;;;;
2024-01-05;2565;CORESES;ZAMORA;701;4.6;0.0;0.9;07:48;8.3;14:29;26;5.0;11.9;15:30;;;;;
2024-01-06;2565;CORESES;ZAMORA;701;4.5;0.0;-0.7;06:41;9.7;14:18;35;2.5;8.9;13:20;;;;;
2024-01-07;2565;CORESES;ZAMORA;701;3.8;0.0;-1.7;07:43;9.3;15:33;35;1.1;6.1;21:50;;;;;
2024-01-08;2565;CORESES;ZAMORA;701;0.7;0.2;-3.8;07:17;5.2;13:57;10;2.2;6.1;12:50;;;;;
2024-01-09;2565;CORESES;ZAMORA;701;4.1;0.0;2.2;06:18;6.0;13:43;11;1.9;5.3;09:00;;;;;
2024-01-10;2565;CORESES;ZAMORA;701;4.8;1.8;2.1;Varias;7.5;14:02;26;3.1;9.7;11:40;;;;;
2024-01-11;2565;CORESES;ZAMORA;701;2.8;0.0;-0.2;08:26;5.8;15:40;06;2.5;7.5;22:50;;;;;
2024-01-12;2565;CORESES;ZAMORA;701;1.6;0.0;-3.0;07:32;6.1;16:19;06;2.2;6.9;00:30;;;;;
2024-01-13;2565;CORESES;ZAMORA;701;2.5;13.4;-1.2;00:15;6.2;15:54;34;2.5;6.7;20:40;;;;;
2024-01-14;2565;CORESES;ZAMORA;701;8.2;10.6;4.3;00:01;12.0;15:19;22;4.2;9.7;14:10;;;;;
2024-01-15;2565;CORESES;ZAMORA;701;11.8;2.6;9.8;00:01;13.9;13:37;23;5.0;10.3;15:20;;;;;
2024-01-16;2565;CORESES;ZAMORA;701;13.2;5.4;11.0;Varias;15.4;13:42;19;6.7;15.6;21:00;;;;;
2024-01-17;2565;CORESES;ZAMORA;701;10.9;0.8;8.9;Varias;12.9;12:47;24;10.6;21.4;19:20;;;;;
2024-01-18;2565;CORESES;ZAMORA;701;9.8;2.8;7.5;23:51;12.0;11:17;22;6.1;16.1;00:30;;;;;
2024-01-19;2565;CORESES;ZAMORA;701;3.1;0.2;-1.4;23:56;7.6;00:05;04;8.9;19.7;14:10;;;;;
2024-01-20;2565;CORESES;ZAMORA;701;0.8;0.0;-4.5;07:15;6.0;15:24;02;1.1;6.7;00:10;;;;;
2024-01-21;2565;CORESES;ZAMORA;701;3.4;0.0;-3.6;07:33;10.3;16:27;32;1.1;4.7;08:50;;;;;
2024-01-22;2565;CORESES;ZAMORA;701;8.1;0.0;3.8;05:15;12.4;14:24;23;3.9;10.3;12:20;;;;;
2024-01-23;2565;CORESES;ZAMORA;701;10.2;0.0;8.9;00:01;11.6;15:19;24;1.7;6.7;01:10;;;;;
2024-01-24;2565;CORESES;ZAMORA;701;8.4;0.2;6.7;23:53;10.2;14:48;12;1.7;3.9;06:50;;;;;
2024-01-25;2565;CORESES;ZAMORA;701;6.2;0.2;3.8;08:22;8.6;14:34;99;1.4;4.7;Varias;;;;;
2024-01-26;2565;CORESES;ZAMORA;701;5.3;0.0;2.3;08:00;8.3;15:48;36;1.9;6.1;03:30;;;;;
2024-01-27;2565;CORESES;ZAMORA;701;5.3;0.0;0.8;06:16;9.8;15:47;36;1.1;5.8;02:30;;;;;
2024-01-28;2565;CORESES;ZAMORA;701;5.4;0.2;2.6;01:59;8.3;22:49;30;0.8;5.0;23:20;;;;;
2024-01-29;2565;CORESES;ZAMORA;701;7.6;0.0;2.3;05:47;12.9;15:07;34;1.4;5.8;23:30;;;;;
2024-01-30;2565;CORESES;ZAMORA;701;6.0;0.2;2.0;Varias;10.1;16:20;35;1.4;5.3;00:10;;;;;
2024-01-31;2565;CORESES;ZAMORA;701;3.8;0.0;0.9;23:52;6.6;15:40;34;1.4;4.4;00:40;;;;;
2024-02-01;2565;CORESES;ZAMORA;701;6.8;0.0;-0.6;07:10;14.2;16:09;35;1.1;3.6;02:00;;;;;
2024-02-02;2565;CORESES;ZAMORA;701;7.5;0.0;1.2;07:37;13.8;14:18;04;3.9;10.3;Varias;;;;;
2024-02-03;2565;CORESES;ZAMORA;701;7.5;0.0;1.0;07:09;14.0;15:59;35;1.9;6.1;04:20;;;;;
2024-02-04;2565;CORESES;ZAMORA;701;8.0;0.0;-0.7;07:36;16.7;15:41;33;0.3;4.2;03:40;;;;;
2024-02-05;2565;CORESES;ZAMORA;701;7.6;0.0;0.6;04:28;14.7;15:12;14;0.8;3.3;22:30;;;;;
2024-02-06;2565;CORESES;ZAMORA;701;10.0;0.0;3.7;06:31;16.3;15:08;25;3.1;8.1;13:20;;;;;
2024-02-07;2565;CORESES;ZAMORA;701;8.6;0.0;4.2;06:02;13.1;14:17;26;5.6;12.8;14:30;;;;;
2024-02-08;2565;CORESES;ZAMORA;701;10.3;1.6;8.6;07:50;12.0;12:50;20;9.7;24.2;14:40;;;;;
2024-02-09;2565;CORESES;ZAMORA;701;9.0;11.8;7.1;20:20;11.0;11:38;27;5.0;14.7;16:10;;;;;
2024-02-10;2565;CORESES;ZAMORA;701;5.2;0.0;2.1;24:00;8.4;14:20;99;7.8;17.5;13:40;;;;;
2024-02-11;2565;CORESES;ZAMORA;701;5.7;1.2;2.1;00:01;9.3;11:46;23;5.0;10.0;11:50;;;;;
2024-02-12;2565;CORESES;ZAMORA;701;11.9;0.0;8.0;00:14;15.8;15:34;24;7.5;13.3;06:40;;;;;
2024-02-13;2565;CORESES;ZAMORA;701;12.8;0.2;8.1;04:02;17.6;15:53;26;2.5;7.8;14:00;;;;;
2024-02-14;2565;CORESES;ZAMORA;701;12.8;0.0;8.3;07:31;17.4;15:52;12;3.1;5.3;05:00;;;;;
2024-02-15;2565;CORESES;ZAMORA;701;12.3;3.6;7.2;23:57;17.4;12:06;25;6.9;17.8;13:50;;;;;
2024-02-16;2565;CORESES;ZAMORA;701;9.8;0.0;4.8;07:25;14.9;16:07;26;1.7;8.1;01:00;;;;;
2024-02-17;2565;CORESES;ZAMORA;701;8.4;0.0;1.0;07:25;15.8;15:30;34;2.5;5.8;06:10;;;;;
2024-02-18;2565;CORESES;ZAMORA;701;10.2;0.0;2.5;07:14;17.8;16:42;30;1.4;4.2;01:50;;;;;
2024-02-19;2565;CORESES;ZAMORA;701;11.4;0.0;4.9;07:18;17.8;15:07;06;3.1;8.3;19:20;;;;;
2024-02-20;2565;CORESES;ZAMORA;701;8.2;0.0;0.3;07:14;16.1;16:49;35;1.9;5.3;02:40;;;;;
2024-02-21;2565;CORESES;ZAMORA;701;8.1;0.2;1.2;06:12;15.0;13:05;26;3.9;10.0;14:10;;;;;
2024-02-22;2565;CORESES;ZAMORA;701;7.6;0.0;2.2;23:55;13.1;14:19;23;9.4;21.1;12:50;;;;;
2024-02-23;2565;CORESES;ZAMORA;701;5.4;0.2;1.6;01:26;9.1;13:47;26;8.1;16.7;14:30;;;;;
2024-02-24;2565;CORESES;ZAMORA;701;5.8;0.2;1.6;07:00;10.1;13:59;27;8.9;15.8;15:20;;;;;
2024-02-25;2565;CORESES;ZAMORA;701;9.0;2.8;5.9;00:48;12.2;13:42;99;10.0;18.9;Varias;;;;;
2024-02-26;2565;CORESES;ZAMORA;701;5.8;0.0;2.0;24:00;9.7;16:09;34;7.5;15.0;14:00;;;;;
2024-02-27;2565;CORESES;ZAMORA;701;5.1;0.0;-0.3;Varias;10.5;13:03;36;4.7;15.3;15:10;;;;;
2024-02-28;2565;CORESES;ZAMORA;701;6.2;0.0;-1.4;06:58;13.9;16:31;03;1.4;6.4;15:10;;;;;
2024-02-29;2565;CORESES;ZAMORA;701;6.5;0.0;1.0;05:47;12.0;13:52;29;8.1;20.6;14:50;;;;;
2024-03-01;2565;CORESES;ZAMORA;701;4.8;0.2;-1.0;05:48;10.6;13:46;26;7.8;15.3;13:10;;;;;
2024-03-02;2565;CORESES;ZAMORA;701;4.0;10.2;0.7;23:48;7.3;Varias;24;9.7;24.7;12:10;;;;;
2024-03-03;2565;CORESES;ZAMORA;701;4.4;0.0;-0.2;05:44;9.1;16:24;28;7.5;14.7;13:10;;;;;
2024-03-04;2565;CORESES;ZAMORA;701;8.6;0.4;4.7;24:00;12.6;13:34;25;8.3;17.8;13:30;;;;;
2024-03-05;2565;CORESES;ZAMORA;701;7.6;0.0;2.8;05:04;12.4;15:54;28;3.1;7.5;09:50;;;;;
2024-03-06;2565;CORESES;ZAMORA;701;7.0;0.0;0.1;06:14;13.9;16:16;14;1.7;8.3;14:40;;;;;
2024-03-07;2565;CORESES;ZAMORA;701;6.9;3.2;2.8;20:28;11.0;11:24;23;5.6;16.9;16:40;;;;;
2024-03-08;2565;CORESES;ZAMORA;701;4.8;7.4;0.0;07:44;9.6;13:29;26;10.6;21.7;23:00;;;;;
2024-03-09;2565;CORESES;ZAMORA;701;5.3;1.0;2.6;05:56;8.0;15:00;99;7.5;15.3;10:30;;;;;
2024-03-10;2565;CORESES;ZAMORA;701;8.4;0.0;4.5;06:55;12.3;14:42;26;9.4;17.8;14:00;;;;;
2024-03-11;2565;CORESES;ZAMORA;701;8.3;0.0;3.3;06:35;13.3;15:38;28;6.1;12.8;10:10;;;;;
2024-03-12;2565;CORESES;ZAMORA;701;8.1;0.0;0.2;07:15;16.0;15:06;35;1.4;5.0;09:40;;;;;
2024-03-13;2565;CORESES;ZAMORA;701;10.2;0.0;1.1;06:37;19.4;16:48;35;2.2;7.5;03:50;;;;;
2024-03-14;2565;CORESES;ZAMORA;701;11.4;0.6;6.7;05:25;16.1;15:39;22;4.7;12.2;12:30;;;;;
2024-03-15;2565;CORESES;ZAMORA;701;13.0;0.0;8.2;23:58;17.7;16:33;26;3.3;10.3;15:10;;;;;
2024-03-16;2565;CORESES;ZAMORA;701;11.8;0.0;5.6;06:15;17.9;14:50;24;3.1;7.2;13:40;;;;;
2024-03-17;2565;CORESES;ZAMORA;701;14.2;0.0;8.2;05:43;20.1;14:53;21;2.8;7.5;15:00;;;;;
2024-03-18;2565;CORESES;ZAMORA;701;14.6;0.0;6.9;06:48;22.4;14:48;23;1.7;6.1;16:00;;;;;
2024-03-19;2565;CORESES;ZAMORA;701;15.3;0.0;8.5;05:10;22.1;14:08;24;1.9;4.4;12:50;;;;;
2024-03-20;2565;CORESES;ZAMORA;701;14.4;2.0;8.2;06:50;20.6;13:53;19;2.2;13.1;23:10;;;;;
2024-03-21;2565;CORESES;ZAMORA;701;16.6;0.0;10.5;06:49;22.7;16:14;03;5.6;11.7;14:30;;;;;
2024-03-22;2565;CORESES;ZAMORA;701;15.8;0.0;7.7;05:34;23.9;15:50;08;3.1;11.4;22:50;;;;;
2024-03-23;2565;CORESES;ZAMORA;701;13.2;0.0;7.1;23:34;19.2;15:16;04;6.4;15.3;07:20;;;;;
2024-03-24;2565;CORESES;ZAMORA;701;10.4;0.0;2.4;06:36;18.5;15:01;03;5.0;10.3;08:20;;;;;
2024-03-25;2565;CORESES;ZAMORA;701;10.4;0.0;4.2;06:31;16.5;13:02;28;7.2;16.9;14:50;;;;;
2024-03-26;2565;CORESES;ZAMORA;701;4.9;2.0;1.5;04:29;8.3;14:17;24;6.7;16.1;16:10;;;;;
2024-03-27;2565;CORESES;ZAMORA;701;8.6;1.0;3.5;00:27;13.7;14:21;24;14.4;29.7;12:40;;;;;
2024-03-28;2565;CORESES;ZAMORA;701;8.6;16.8;3.3;06:31;14.0;13:00;22;9.7;25.0;13:20;;;;;
2024-03-29;2565;CORESES;ZAMORA;701;7.9;7.2;4.1;21:38;11.7;16:03;28;3.9;15.6;16:50;;;;;
2024-03-30;2565;CORESES;ZAMORA;701;7.6;6.0;3.0;21:42;12.2;15:27;20;6.1;13.9;16:20;;;;;
2024-03-31;2565;CORESES;ZAMORA;701;7.0;0.6;3.5;Varias;10.5;14:29;26;5.6;14.7;14:20;;;;;
2024-04-01;2565;CORESES;ZAMORA;701;7.0;2.6;2.7;07:32;11.3;15:32;24;8.3;18.6;14:00;;;;;
2024-04-02;2565;CORESES;ZAMORA;701;8.2;0.6;4.1;Varias;12.3;16:32;22;7.5;17.8;17:00;;;;;
2024-04-03;2565;CORESES;ZAMORA;701;12.4;0.0;7.6;04:34;17.3;15:07;26;5.0;10.3;16:00;;;;;
2024-04-04;2565;CORESES;ZAMORA;701;13.3;0.0;6.5;05:12;20.1;15:21;22;3.3;9.4;17:20;;;;;
2024-04-05;2565;CORESES;ZAMORA;701;16.4;0.0;9.6;04:06;23.1;15:55;19;5.8;12.5;12:30;;;;;
2024-04-06;2565;CORESES;ZAMORA;701;16.3;4.2;12.5;23:47;20.1;10:56;14;4.4;15.3;01:00;;;;;
2024-04-07;2565;CORESES;ZAMORA;701;14.2;3.2;10.2;07:55;18.1;14:38;25;3.9;8.6;12:00;;;;;
2024-04-08;2565;CORESES;ZAMORA;701;8.1;6.0;2.9;23:59;13.3;11:33;25;8.9;20.8;11:40;;;;;
2024-04-09;2565;CORESES;ZAMORA;701;7.8;0.0;0.6;05:49;15.0;17:11;27;2.2;5.0;01:00;;;;;
2024-04-10;2565;CORESES;ZAMORA;701;10.5;0.0;2.7;04:56;18.3;16:27;36;2.2;5.6;09:20;;;;;
2024-04-11;2565;CORESES;ZAMORA;701;14.3;0.0;5.7;06:04;22.9;16:37;04;2.5;6.7;12:50;;;;;
2024-04-12;2565;CORESES;ZAMORA;701;18.4;0.0;9.3;06:03;27.4;17:34;34;2.2;6.1;02:40;;;;;
2024-04-13;2565;CORESES;ZAMORA;701;18.4;0.0;9.3;05:50;27.6;17:37;35;1.4;6.4;03:20;;;;;
2024-04-14;2565;CORESES;ZAMORA;701;18.9;0.0;10.1;05:52;27.7;15:41;26;2.5;8.3;17:00;;;;;
2024-04-15;2565;CORESES;ZAMORA;701;17.3;0.0;9.8;23:59;24.8;17:06;06;1.4;8.3;21:40;;;;;
2024-04-16;2565;CORESES;ZAMORA;701;13.2;0.0;5.5;05:23;21.0;16:00;08;1.9;11.4;20:50;;;;;
2024-04-17;2565;CORESES;ZAMORA;701;11.2;0.0;4.6;05:42;17.7;16:37;08;3.9;11.1;13:00;;;;;
2024-04-18;2565;CORESES;ZAMORA;701;11.5;0.0;4.0;04:50;19.0;15:57;09;3.6;11.7;01:20;;;;;
2024-04-19;2565;CORESES;ZAMORA;701;11.9;0.0;2.0;05:44;21.8;16:01;35;3.1;7.2;06:50;;;;;
2024-04-20;2565;CORESES;ZAMORA;701;13.0;0.0;3.9;04:44;22.0;14:24;04;5.6;11.1;16:00;;;;;
2024-04-21;2565;CORESES;ZAMORA;701;11.8;0.0;3.3;04:21;20.3;16:10;06;5.3;10.0;19:10;;;;;
2024-04-22;2565;CORESES;ZAMORA;701;8.7;0.0;2.2;05:23;15.2;16:14;05;5.6;12.5;11:40;;;;;
2024-04-23;2565;CORESES;ZAMORA;701;8.4;0.0;-0.1;04:50;17.0;16:16;02;3.9;12.5;18:30;;;;;
2024-04-24;2565;CORESES;ZAMORA;701;10.4;0.0;2.5;05:03;18.3;16:43;99;2.8;7.5;07:40;;;;;
2024-04-25;2565;CORESES;ZAMORA;701;11.0;0.0;5.7;05:33;16.3;13:03;28;4.2;10.6;18:20;;;;;
2024-04-26;2565;CORESES;ZAMORA;701;10.8;4.2;5.5;01:30;16.1;15:18;20;4.7;14.7;15:50;;;;;
2024-04-27;2565;CORESES;ZAMORA;701;8.1;3.8;3.8;05:16;12.4;16:59;26;4.4;16.9;02:40;;;;;
2024-04-28;2565;CORESES;ZAMORA;701;9.0;1.2;2.9;04:42;15.0;16:34;32;2.5;7.8;19:00;;;;;
2024-04-29;2565;CORESES;ZAMORA;701;10.3;0.0;2.6;04:48;18.0;16:02;29;2.5;7.2;16:20;;;;;
2024-04-30;2565;CORESES;ZAMORA;701;9.8;0.8;5.0;05:49;14.7;13:56;28;6.4;14.4;19:40;;;;;
2024-05-01;2565;CORESES;ZAMORA;701;8.2;0.0;3.5;23:55;12.9;13:38;25;6.7;13.6;14:00;;;;;
2024-05-02;2565;CORESES;ZAMORA;701;7.6;1.2;1.8;03:26;13.5;12:30;26;5.3;14.7;14:30;;;;;
2024-05-03;2565;CORESES;ZAMORA;701;10.0;0.2;3.7;Varias;16.3;15:45;24;5.6;13.6;16:50;;;;;
2024-05-04;2565;CORESES;ZAMORA;701;14.6;0.4;9.5;05:03;19.7;12:06;22;6.9;15.3;12:40;;;;;
2024-05-05;2565;CORESES;ZAMORA;701;14.0;3.8;10.1;01:37;18.0;12:46;22;7.2;16.1;13:10;;;;;
2024-05-06;2565;CORESES;ZAMORA;701;13.0;0.0;6.9;05:15;19.2;15:55;23;1.9;7.8;00:50;;;;;
2024-05-07;2565;CORESES;ZAMORA;701;13.0;0.0;5.6;03:59;20.4;14:54;10;1.7;12.8;21:40;;;;;
2024-05-08;2565;CORESES;ZAMORA;701;14.2;0.0;5.1;04:30;23.2;16:21;99;3.6;9.2;00:10;;;;;
2024-05-09;2565;CORESES;ZAMORA;701;15.4;0.0;5.5;05:15;25.4;15:30;29;2.8;6.4;18:40;;;;;
2024-05-10;2565;CORESES;ZAMORA;701;18.6;0.0;9.2;04:59;27.9;14:22;25;3.6;8.9;13:40;;;;;
2024-05-11;2565;CORESES;ZAMORA;701;18.8;2.0;11.2;05:14;26.5;14:57;32;3.3;17.5;15:10;;;;;
2024-05-12;2565;CORESES;ZAMORA;701;17.6;0.0;10.0;04:57;25.2;13:03;27;3.6;8.3;14:30;;;;;
2024-05-13;2565;CORESES;ZAMORA;701;15.6;3.4;8.0;23:58;23.2;11:57;28;5.8;13.6;16:50;;;;;
2024-05-14;2565;CORESES;ZAMORA;701;11.6;0.6;6.9;23:50;16.2;12:51;27;7.5;18.1;15:40;;;;;
2024-05-15;2565;CORESES;ZAMORA;701;10.4;0.0;4.8;02:24;16.0;13:09;27;8.3;14.4;16:30;;;;;
2024-05-16;2565;CORESES;ZAMORA;701;10.1;9.6;5.0;04:40;15.2;16:04;24;5.8;11.4;17:30;;;;;
2024-05-17;2565;CORESES;ZAMORA;701;12.4;6.2;8.0;23:52;16.8;12:45;32;4.4;10.0;13:10;;;;;
2024-05-18;2565;CORESES;ZAMORA;701;11.4;0.4;5.9;05:20;16.9;14:39;29;4.7;12.2;17:10;;;;;
2024-05-19;2565;CORESES;ZAMORA;701;13.2;3.0;7.8;23:59;18.5;15:33;03;1.9;9.4;19:20;;;;;
2024-05-23;2565;CORESES;ZAMORA;701;13.1;0.0;6.3;05:11;19.9;16:02;05;2.5;8.6;12:10;;;;;
2024-05-24;2565;CORESES;ZAMORA;701;15.4;0.0;5.7;04:37;25.0;16:51;24;2.8;6.4;17:20;;;;;
2024-05-25;2565;CORESES;ZAMORA;701;17.9;0.0;10.1;05:54;25.7;14:23;25;5.0;12.2;13:20;;;;;
2024-05-26;2565;CORESES;ZAMORA;701;17.6;0.0;10.6;24:00;24.5;15:04;20;4.4;9.2;12:00;;;;;
2024-05-27;2565;CORESES;ZAMORA;701;15.8;0.0;7.2;04:56;24.3;16:00;08;2.8;10.0;22:00;;;;;
2024-05-28;2565;CORESES;ZAMORA;701;18.4;0.0;8.1;04:25;28.7;17:11;36;3.3;8.6;06:30;;;;;
2024-05-29;2565;CORESES;ZAMORA;701;21.0;0.0;10.7;04:48;31.2;17:28;02;2.5;9.7;23:30;;;;;
2024-05-30;2565;CORESES;ZAMORA;701;21.8;0.0;12.9;23:59;30.6;13:23;04;1.9;14.7;19:00;;;;;
2024-05-31;2565;CORESES;ZAMORA;701;15.9;0.0;8.3;04:42;23.5;15:21;04;6.7;11.4;12:00;;;;;
2024-06-01;2565;CORESES;ZAMORA;701;14.9;0.0;6.8;04:59;23.0;15:36;06;8.3;13.6;Varias;;;;;
2024-06-02;2565;CORESES;ZAMORA;701;16.1;0.0;7.5;05:04;24.7;14:37;04;5.3;11.1;09:40;;;;;
2024-06-03;2565;CORESES;ZAMORA;701;18.0;0.0;8.6;05:00;27.5;16:56;10;3.1;9.2;21:50;;;;;
2024-06-04;2565;CORESES;ZAMORA;701;20.2;0.0;10.0;04:18;30.3;15:06;25;3.9;10.0;15:10;;;;;
2024-06-05;2565;CORESES;ZAMORA;701;23.1;0.0;14.1;05:04;32.1;14:44;24;3.9;10.0;13:20;;;;;
2024-06-06;2565;CORESES;ZAMORA;701;23.5;0.0;15.0;04:46;32.0;16:10;22;2.8;9.4;12:50;;;;;
2024-06-07;2565;CORESES;ZAMORA;701;26.0;0.0;19.3;21:23;32.7;13:19;35;4.2;15.3;18:40;;;;;
2024-06-08;2565;CORESES;ZAMORA;701;19.8;9.8;12.6;15:43;26.9;13:51;11;3.6;14.2;11:00;;;;;
2024-06-09;2565;CORESES;ZAMORA;701;18.1;0.2;13.4;04:27;22.8;14:54;08;2.8;11.9;22:50;;;;;
2024-06-10;2565;CORESES;ZAMORA;701;16.7;0.0;10.8;23:58;22.6;15:53;07;4.7;10.3;10:40;;;;;
2024-06-11;2565;CORESES;ZAMORA;701;15.8;0.0;7.3;05:03;24.2;17:01;02;1.9;15.0;21:20;;;;;
2024-06-12;2565;CORESES;ZAMORA;701;16.2;0.0;10.1;02:59;22.4;14:56;09;5.0;11.9;14:30;;;;;
2024-06-13;2565;CORESES;ZAMORA;701;17.6;0.0;7.9;04:55;27.2;15:24;24;5.0;11.4;13:40;;;;;
2024-06-14;2565;CORESES;ZAMORA;701;19.6;0.0;13.1;24:00;26.1;12:51;28;7.8;14.7;16:40;;;;;
2024-06-15;2565;CORESES;ZAMORA;701;16.2;0.0;7.9;05:11;24.6;16:06;25;3.6;10.8;16:50;;;;;
2024-06-16;2565;CORESES;ZAMORA;701;18.4;0.0;10.9;05:30;25.8;15:11;28;6.1;14.2;15:20;;;;;
2024-06-17;2565;CORESES;ZAMORA;701;18.4;3.0;10.6;04:46;26.2;15:03;22;4.7;10.6;15:40;;;;;
2024-06-18;2565;CORESES;ZAMORA;701;15.2;7.6;11.5;23:33;19.0;14:43;29;2.8;13.3;06:10;;;;;
2024-06-19;2565;CORESES;ZAMORA;701;15.7;0.0;9.6;04:59;21.8;14:59;21;2.8;9.2;16:30;;;;;
2024-06-20;2565;CORESES;ZAMORA;701;16.6;2.0;11.0;05:48;22.2;12:19;30;3.3;14.2;13:00;;;;;
2024-06-21;2565;CORESES;ZAMORA;701;18.1;0.0;9.9;04:57;26.3;16:22;27;2.5;8.3;16:00;;;;;
2024-06-22;2565;CORESES;ZAMORA;701;20.1;0.0;12.4;05:26;27.8;15:08;03;2.8;7.8;16:10;;;;;
2024-06-23;2565;CORESES;ZAMORA;701;20.8;0.0;11.9;04:56;29.8;13:54;99;2.8;12.5;Varias;;;;;
2024-06-24;2565;CORESES;ZAMORA;701;22.4;0.0;13.6;04:46;31.1;16:15;04;1.9;6.7;11:10;;;;;
2024-06-25;2565;CORESES;ZAMORA;701;24.6;0.0;15.8;05:05;33.5;16:27;24;3.9;10.8;16:50;;;;;
2024-06-26;2565;CORESES;ZAMORA;701;24.2;1.6;16.2;05:13;32.3;14:57;12;2.5;14.7;16:00;;;;;
2024-06-27;2565;CORESES;ZAMORA;701;25.5;0.2;16.9;05:27;34.1;15:18;05;3.3;13.9;20:40;;;;;
2024-06-28;2565;CORESES;ZAMORA;701;23.0;6.6;15.8;23:06;30.1;14:19;24;6.1;15.8;18:10;;;;;
2024-06-29;2565;CORESES;ZAMORA;701;18.3;0.4;16.0;02:16;20.6;19:09;26;5.6;10.3;11:30;;;;;
2024-06-30;2565;CORESES;ZAMORA;701;19.2;0.0;12.7;04:53;25.6;17:26;27;2.2;8.3;16:30;;;;;
2024-07-01;2565;CORESES;ZAMORA;701;20.0;0.0;12.6;04:48;27.4;17:18;08;2.8;11.7;22:00;;;;;
2024-07-02;2565;CORESES;ZAMORA;701;21.4;0.0;13.5;04:59;29.2;16:07;12;2.8;7.8;23:40;;;;;
2024-07-03;2565;CORESES;ZAMORA;701;22.6;0.0;12.5;04:49;32.8;17:28;26;2.8;7.8;12:20;;;;;
2024-07-04;2565;CORESES;ZAMORA;701;23.6;0.0;13.3;04:59;33.8;14:33;36;2.8;9.7;16:30;;;;;
2024-07-05;2565;CORESES;ZAMORA;701;26.4;0.0;16.6;04:40;36.2;14:29;26;6.1;12.5;14:40;;;;;
2024-07-06;2565;CORESES;ZAMORA;701;21.6;0.0;13.9;23:53;29.4;14:49;04;4.7;13.3;19:50;;;;;
2024-07-07;2565;CORESES;ZAMORA;701;19.3;0.0;10.2;04:37;28.4;15:49;99;3.9;8.6;Varias;;;;;
2024-07-08;2565;CORESES;ZAMORA;701;22.4;0.0;14.2;04:39;30.5;15:25;22;4.2;14.4;13:40;;;;;
2024-07-09;2565;CORESES;ZAMORA;701;22.8;0.0;17.4;05:16;28.1;13:07;25;4.2;10.6;11:30;;;;;
2024-07-10;2565;CORESES;ZAMORA;701;23.4;0.0;16.2;04:33;30.6;16:19;25;4.7;12.2;16:00;;;;;
2024-07-11;2565;CORESES;ZAMORA;701;23.7;0.0;17.3;05:10;30.1;15:16;26;5.8;13.9;14:00;;;;;
2024-07-12;2565;CORESES;ZAMORA;701;21.9;0.0;13.9;04:49;29.9;18:05;28;1.9;9.2;21:50;;;;;
2024-07-13;2565;CORESES;ZAMORA;701;21.6;0.0;13.3;05:18;29.9;15:30;25;3.6;9.7;17:10;;;;;
2024-07-14;2565;CORESES;ZAMORA;701;20.7;2.2;12.5;05:19;28.9;12:50;22;5.8;10.3;14:20;;;;;
2024-07-15;2565;CORESES;ZAMORA;701;20.2;0.6;15.1;23:58;25.3;14:09;24;6.7;13.9;14:40;;;;;
2024-07-16;2565;CORESES;ZAMORA;701;20.8;0.0;11.6;04:35;29.9;15:22;19;1.4;5.8;16:20;;;;;
2024-07-17;2565;CORESES;ZAMORA;701;22.9;0.0;12.3;05:20;33.5;15:26;24;3.9;8.9;16:20;;;;;
2024-07-18;2565;CORESES;ZAMORA;701;25.6;0.0;16.9;05:14;34.3;15:07;22;2.8;10.6;17:10;;;;;
2024-07-19;2565;CORESES;ZAMORA;701;27.0;0.0;18.2;05:28;35.8;14:11;26;4.4;11.1;14:40;;;;;
2024-07-20;2565;CORESES;ZAMORA;701;23.4;0.0;17.3;24:00;29.5;13:40;28;7.2;13.6;15:30;;;;;
2024-07-21;2565;CORESES;ZAMORA;701;21.2;0.0;12.4;04:57;30.1;17:24;10;3.1;11.1;22:50;;;;;
2024-07-22;2565;CORESES;ZAMORA;701;22.6;0.0;11.2;04:47;34.0;16:43;04;3.3;8.6;13:10;;;;;
2024-07-23;2565;CORESES;ZAMORA;701;27.1;0.0;16.7;05:29;37.5;16:39;34;3.3;8.3;11:30;;;;;
2024-07-24;2565;CORESES;ZAMORA;701;28.3;0.0;18.1;Varias;38.5;16:25;04;3.6;11.7;22:00;;;;;
2024-07-25;2565;CORESES;ZAMORA;701;26.9;0.0;16.9;05:45;36.9;16:03;36;4.4;12.2;21:10;;;;;
2024-07-26;2565;CORESES;ZAMORA;701;26.7;0.0;16.6;05:17;36.8;15:44;25;4.4;10.0;16:00;;;;;
2024-07-27;2565;CORESES;ZAMORA;701;26.6;0.0;17.3;05:35;36.0;15:17;04;3.1;11.7;22:30;;;;;
2024-07-28;2565;CORESES;ZAMORA;701;27.7;0.0;17.9;05:06;37.5;15:52;35;3.9;8.6;00:20;;;;;
2024-07-29;2565;CORESES;ZAMORA;701;27.4;0.0;20.3;05:10;34.5;14:34;22;2.2;13.6;16:40;;;;;
2024-07-30;2565;CORESES;ZAMORA;701;27.2;0.0;19.1;04:16;35.4;13:22;27;5.6;18.9;00:30;;;;;
2024-07-31;2565;CORESES;ZAMORA;701;26.9;0.0;18.4;05:11;35.4;15:49;26;2.8;9.2;17:10;;;;;
2024-08-01;2565;CORESES;ZAMORA;701;27.2;0.0;18.9;05:33;35.4;15:43;05;3.3;10.6;23:00;;;;;
2024-08-02;2565;CORESES;ZAMORA;701;23.9;0.0;16.5;05:04;31.3;16:39;02;3.6;8.6;15:00;;;;;
2024-08-03;2565;CORESES;ZAMORA;701;24.5;0.0;15.0;05:32;34.0;16:22;32;2.8;6.9;23:20;;;;;
2024-08-04;2565;CORESES;ZAMORA;701;26.0;0.0;15.4;05:46;36.5;16:25;35;2.5;7.5;22:50;;;;;
2024-08-05;2565;CORESES;ZAMORA;701;26.7;0.0;17.4;05:27;36.0;14:40;27;3.6;11.1;17:30;;;;;
2024-08-06;2565;CORESES;ZAMORA;701;24.8;0.0;15.4;05:42;34.2;14:57;04;3.6;12.8;23:59;;;;;
2024-08-07;2565;CORESES;ZAMORA;701;25.9;0.0;16.5;05:45;35.3;14:53;05;2.5;11.4;00:10;;;;;
2024-08-08;2565;CORESES;ZAMORA;701;26.9;0.0;16.5;05:21;37.3;15:34;02;2.8;7.8;06:50;;;;;
2024-08-09;2565;CORESES;ZAMORA;701;29.2;0.0;18.8;06:12;39.6;15:50;07;2.5;12.5;22:00;;;;;
2024-08-10;2565;CORESES;ZAMORA;701;30.2;0.2;20.2;05:48;40.2;16:09;12;2.5;17.2;16:30;;;;;
2024-08-11;2565;CORESES;ZAMORA;701;30.0;0.0;22.2;06:25;37.9;13:12;21;3.9;11.7;14:50;;;;;
2024-08-12;2565;CORESES;ZAMORA;701;27.4;0.0;19.8;Varias;35.1;14:47;26;5.0;11.4;17:30;;;;;
2024-08-13;2565;CORESES;ZAMORA;701;21.8;0.6;16.5;05:22;27.2;15:20;27;3.1;8.6;12:20;;;;;
2024-08-14;2565;CORESES;ZAMORA;701;21.6;0.0;14.5;04:16;28.7;15:06;04;3.6;10.3;20:10;;;;;
2024-08-15;2565;CORESES;ZAMORA;701;20.4;0.0;10.7;05:29;30.2;16:32;06;3.6;7.8;12:20;;;;;
2024-08-16;2565;CORESES;ZAMORA;701;23.3;0.0;13.2;05:48;33.4;15:59;03;2.2;6.9;16:50;;;;;
2024-08-17;2565;CORESES;ZAMORA;701;25.1;0.0;15.4;05:01;34.8;15:15;29;4.4;12.2;16:50;;;;;
2024-08-18;2565;CORESES;ZAMORA;701;24.6;0.0;17.2;05:39;31.9;16:16;99;2.5;11.9;Varias;;;;;
2024-08-19;2565;CORESES;ZAMORA;701;23.2;0.0;13.4;05:29;33.0;17:14;36;3.3;7.5;22:10;;;;;
2024-08-20;2565;CORESES;ZAMORA;701;24.6;0.0;14.9;06:16;34.2;15:49;05;2.8;12.8;20:50;;;;;
2024-08-21;2565;CORESES;ZAMORA;701;24.7;0.0;14.9;05:47;34.5;17:03;04;3.3;8.9;00:10;;;;;
2024-08-22;2565;CORESES;ZAMORA;701;25.1;0.0;15.2;05:37;35.0;Varias;99;4.7;10.0;Varias;;;;;
2024-08-23;2565;CORESES;ZAMORA;701;25.1;0.0;15.1;06:15;35.1;15:23;25;2.8;9.7;16:00;;;;;
2024-08-24;2565;CORESES;ZAMORA;701;24.6;0.0;16.8;23:56;32.5;14:24;26;5.0;12.2;13:40;;;;;
2024-08-25;2565;CORESES;ZAMORA;701;21.2;0.0;13.6;05:48;28.9;15:31;06;5.0;12.2;19:30;;;;;
2024-08-26;2565;CORESES;ZAMORA;701;20.9;0.0;10.8;05:48;31.0;16:34;36;2.8;7.2;05:30;;;;;
2024-08-27;2565;CORESES;ZAMORA;701;24.1;0.0;13.3;05:59;34.9;15:13;27;3.9;13.1;16:50;;;;;
2024-08-28;2565;CORESES;ZAMORA;701;24.6;0.0;15.1;06:33;34.0;15:01;23;3.6;11.9;15:20;;;;;
2024-08-29;2565;CORESES;ZAMORA;701;24.0;0.2;17.5;03:48;30.6;15:49;35;2.5;12.5;19:40;;;;;
2024-08-30;2565;CORESES;ZAMORA;701;23.3;0.0;14.6;05:47;32.0;15:59;10;2.8;10.6;20:50;;;;;
2024-08-31;2565;CORESES;ZAMORA;701;22.9;0.0;16.8;06:22;29.0;15:59;14;3.9;10.3;16:40;;;;;
2024-09-01;2565;CORESES;ZAMORA;701;22.7;0.0;14.9;06:13;30.5;16:20;28;2.5;7.2;20:50;;;;;
2024-09-02;2565;CORESES;ZAMORA;701;23.4;0.0;16.6;04:54;30.2;15:02;02;2.5;13.6;21:40;;;;;
2024-09-03;2565;CORESES;ZAMORA;701;20.8;0.0;15.5;23:59;26.1;15:35;07;6.4;12.5;20:40;;;;;
2024-09-04;2565;CORESES;ZAMORA;701;19.4;0.0;12.7;Varias;26.0;16:50;04;3.1;10.0;Varias;;;;;
2024-09-05;2565;CORESES;ZAMORA;701;16.1;0.0;10.9;06:19;21.3;15:59;02;3.1;11.7;19:00;;;;;
2024-09-06;2565;CORESES;ZAMORA;701;15.4;0.0;9.1;05:53;21.8;13:58;28;4.2;11.9;16:00;;;;;
2024-09-07;2565;CORESES;ZAMORA;701;16.2;0.0;9.0;05:54;23.5;15:01;26;4.2;11.7;14:10;;;;;
2024-09-08;2565;CORESES;ZAMORA;701;18.8;0.0;11.9;06:37;25.8;16:09;24;2.8;8.9;12:30;;;;;
2024-09-09;2565;CORESES;ZAMORA;701;18.6;0.0;9.8;05:56;27.5;14:53;11;1.9;5.6;23:00;;;;;
2024-09-10;2565;CORESES;ZAMORA;701;19.8;0.0;10.8;05:47;28.8;14:37;09;2.5;9.4;21:20;;;;;
2024-09-11;2565;CORESES;ZAMORA;701;18.0;0.0;9.4;06:04;26.6;16:39;36;2.5;10.8;20:30;;;;;
2024-09-12;2565;CORESES;ZAMORA;701;19.2;0.0;11.6;05:34;26.9;13:30;36;4.4;12.2;19:50;;;;;
2024-09-13;2565;CORESES;ZAMORA;701;15.4;0.0;9.0;06:03;21.9;14:47;06;5.6;11.9;11:00;;;;;
2024-09-14;2565;CORESES;ZAMORA;701;15.4;0.0;5.1;05:55;25.8;17:09;01;3.3;8.1;07:50;;;;;
2024-09-15;2565;CORESES;ZAMORA;701;17.4;0.0;6.2;06:04;28.5;15:40;06;4.7;10.8;20:30;;;;;
2024-09-16;2565;CORESES;ZAMORA;701;17.0;0.0;6.8;05:20;27.3;13:50;99;7.5;14.2;Varias;;;;;
2024-09-17;2565;CORESES;ZAMORA;701;17.0;0.0;10.4;05:32;23.5;16:13;99;6.9;15.8;03:50;;;;;
2024-09-18;2565;CORESES;ZAMORA;701;18.0;0.0;8.7;06:15;27.4;15:29;08;2.5;8.1;22:20;;;;;
2024-09-19;2565;CORESES;ZAMORA;701;18.6;0.0;10.9;06:29;26.2;14:12;16;2.8;9.2;15:20;;;;;
2024-09-20;2565;CORESES;ZAMORA;701;18.4;3.4;13.1;05:52;23.7;15:34;24;3.1;8.6;17:50;;;;;
2024-09-21;2565;CORESES;ZAMORA;701;17.0;0.2;13.0;05:13;20.9;14:06;27;1.4;10.0;01:10;;;;;
2024-09-22;2565;CORESES;ZAMORA;701;16.7;0.0;11.0;06:13;22.4;15:29;27;3.3;9.2;16:00;;;;;
2024-09-23;2565;CORESES;ZAMORA;701;16.2;0.0;9.2;04:48;23.1;15:41;26;3.6;11.7;16:40;;;;;
2024-09-24;2565;CORESES;ZAMORA;701;14.8;0.0;10.5;06:01;19.0;14:00;24;4.7;9.7;14:30;;;;;
2024-09-25;2565;CORESES;ZAMORA;701;18.4;0.0;12.8;00:33;24.0;13:10;24;8.6;20.0;15:10;;;;;
2024-09-26;2565;CORESES;ZAMORA;701;17.1;3.6;12.0;Varias;22.2;14:05;25;11.7;19.7;15:10;;;;;
2024-09-27;2565;CORESES;ZAMORA;701;13.2;0.0;7.6;23:50;18.8;14:53;29;6.1;13.9;11:20;;;;;
2024-09-28;2565;CORESES;ZAMORA;701;12.2;0.0;4.7;05:07;19.6;16:15;13;1.9;9.2;11:50;;;;;
2024-09-29;2565;CORESES;ZAMORA;701;16.2;0.0;6.7;06:08;25.6;14:31;22;3.3;9.2;13:10;;;;;
2024-09-30;2565;CORESES;ZAMORA;701;18.6;0.0;9.1;06:07;28.1;14:16;23;3.3;7.8;15:00;;;;;
2024-10-01;2565;CORESES;ZAMORA;701;19.6;0.4;13.7;03:54;25.5;13:32;26;5.3;12.8;12:40;;;;;
2024-10-02;2565;CORESES;ZAMORA;701;17.2;1.8;14.9;23:57;19.4;13:02;26;6.4;15.3;16:10;;;;;
2024-10-03;2565;CORESES;ZAMORA;701;17.6;0.8;12.2;06:30;22.9;14:08;14;1.1;4.7;12:00;;;;;
2024-10-04;2565;CORESES;ZAMORA;701;16.2;0.0;9.2;06:24;23.1;16:34;26;1.9;5.6;13:50;;;;;
2024-10-05;2565;CORESES;ZAMORA;701;17.6;0.0;10.7;04:41;24.5;14:15;27;4.7;16.4;14:50;;;;;
2024-10-06;2565;CORESES;ZAMORA;701;16.8;46.2;15.4;07:50;18.2;20:36;20;4.4;15.3;16:00;;;;;
2024-10-07;2565;CORESES;ZAMORA;701;14.6;7.8;11.2;22:02;18.0;11:25;25;6.7;14.4;12:20;;;;;
2024-10-08;2565;CORESES;ZAMORA;701;14.7;0.6;11.7;00:20;17.7;12:29;20;8.1;17.5;22:30;;;;;
2024-10-09;2565;CORESES;ZAMORA;701;16.0;0.4;9.9;24:00;22.1;12:38;22;12.2;28.6;09:10;;;;;
2024-10-10;2565;CORESES;ZAMORA;701;13.2;0.0;7.5;06:17;18.8;13:57;26;2.8;8.6;01:00;;;;;
2024-10-11;2565;CORESES;ZAMORA;701;13.2;1.6;8.4;05:14;18.0;11:25;14;3.3;10.6;11:50;;;;;
2024-10-12;2565;CORESES;ZAMORA;701;18.4;0.0;14.4;22:45;22.4;13:31;19;3.1;8.1;12:10;;;;;
2024-10-13;2565;CORESES;ZAMORA;701;17.1;0.0;11.2;04:16;23.0;13:11;12;2.2;6.7;01:40;;;;;
2024-10-14;2565;CORESES;ZAMORA;701;17.1;1.2;10.9;06:40;23.3;14:37;09;2.5;6.4;17:00;;;;;
2024-10-15;2565;CORESES;ZAMORA;701;17.0;41.2;14.5;23:55;19.5;08:19;22;2.8;13.6;13:40;;;;;
2024-10-16;2565;CORESES;ZAMORA;701;16.6;4.4;12.2;Varias;21.0;14:39;27;6.1;13.6;12:40;;;;;
2024-10-17;2565;CORESES;ZAMORA;701;12.4;0.0;7.8;23:58;17.0;14:12;28;7.5;14.7;14:20;;;;;
2024-10-18;2565;CORESES;ZAMORA;701;11.2;0.4;6.0;04:49;16.4;16:22;26;3.1;12.2;20:10;;;;;
2024-10-19;2565;CORESES;ZAMORA;701;14.4;0.0;11.8;04:58;17.1;11:11;26;5.3;10.0;00:20;;;;;
2024-10-20;2565;CORESES;ZAMORA;701;16.4;0.0;11.8;06:14;20.9;15:11;25;2.8;8.6;14:10;;;;;
2024-10-21;2565;CORESES;ZAMORA;701;14.8;0.0;8.1;07:07;21.6;14:37;36;1.7;6.9;23:50;;;;;
2024-10-22;2565;CORESES;ZAMORA;701;15.1;0.0;10.3;23:55;19.9;15:13;04;4.2;10.0;18:10;;;;;
2024-10-23;2565;CORESES;ZAMORA;701;15.6;0.0;7.8;06:41;23.5;15:50;35;1.4;4.7;Varias;;;;;
2024-10-24;2565;CORESES;ZAMORA;701;14.9;0.6;8.1;05:44;21.7;Varias;23;2.8;8.9;17:20;;;;;
2024-10-25;2565;CORESES;ZAMORA;701;9.9;0.0;4.6;23:59;15.2;14:34;28;4.4;12.5;03:10;;;;;
2024-10-26;2565;CORESES;ZAMORA;701;8.4;0.0;3.5;02:37;13.3;15:02;30;1.7;7.5;16:10;;;;;
2024-10-27;2565;CORESES;ZAMORA;701;7.0;3.2;3.0;07:15;11.0;10:03;04;3.3;11.7;23:30;;;;;
2024-10-28;2565;CORESES;ZAMORA;701;13.6;0.0;8.4;03:57;18.7;15:18;06;7.5;14.7;02:40;;;;;
2024-10-29;2565;CORESES;ZAMORA;701;13.1;2.6;6.7;04:46;19.5;13:39;05;6.7;15.0;22:40;;;;;
2024-10-30;2565;CORESES;ZAMORA;701;14.8;5.0;9.8;02:29;19.9;14:43;06;5.8;16.1;04:30;;;;;
2024-10-31;2565;CORESES;ZAMORA;701;14.6;0.0;10.8;06:17;18.3;14:54;14;4.2;12.8;11:40;;;;;
2024-11-01;2565;CORESES;ZAMORA;701;15.0;0.0;10.2;23:58;19.8;13:38;12;3.1;8.6;15:10;;;;;
2024-11-02;2565;CORESES;ZAMORA;701;14.6;0.0;8.9;04:19;20.3;15:21;99;3.1;7.5;Varias;;;;;
2024-11-03;2565;CORESES;ZAMORA;701;14.2;0.0;7.6;07:13;20.9;14:09;12;1.9;9.7;15:50;;;;;
